placement_id,student_id,mock_interview_score,internships_completed,placement_status,company_name,placement_package,interview_rounds_cleared,placement_date
1,1,71,2,Placed,"Prince, Griffin and Taylor",1000000,0,1970-07-16
2,2,73,2,Ready,"Austin, Arroyo and Thomas",300000,2,2001-05-23
3,3,45,0,Not Ready,Ellison Ltd,2000000,4,2012-03-30
4,4,43,2,Placed,Garcia-Garcia,1700000,5,1974-10-19
5,5,76,3,Placed,Bender-Reilly,1500000,5,2015-04-10
6,6,77,0,Ready,Hahn-Snow,1600000,4,2010-05-08
7,7,52,3,Not Ready,Roberts-Graham,600000,5,2001-06-09
8,8,48,1,Ready,Sullivan-Garrison,500000,1,2009-02-23
9,9,66,3,Placed,"Moreno, Mckee and Rodriguez",300000,3,1990-03-17
10,10,62,2,Ready,"Lambert, Romero and Lawrence",1100000,3,2011-01-28
11,11,94,1,Not Ready,"Robinson, Roberts and Dennis",1800000,5,1986-05-04
12,12,79,0,Not Ready,Garcia-Madden,500000,4,2014-09-15
13,13,64,3,Placed,Ware-Delgado,300000,1,1993-02-28
14,14,41,2,Placed,Martinez Ltd,400000,3,1977-11-02
15,15,71,1,Ready,Johnson-Graham,1600000,5,2000-07-16
16,16,95,3,Not Ready,"Roth, Smith and Callahan",1500000,4,1976-07-05
17,17,43,0,Not Ready,Floyd-Rice,900000,5,2002-06-18
18,18,56,2,Not Ready,Gray-Odonnell,1500000,5,1991-09-26
19,19,73,3,Ready,Murray-Smith,600000,0,2011-09-26
20,20,93,3,Ready,"Dominguez, Vincent and Short",1900000,2,2014-05-11
21,21,99,2,Not Ready,"Morales, Wall and Fitzpatrick",1800000,3,2017-08-09
22,22,75,0,Placed,Hunt Inc,1400000,5,2003-03-24
23,23,82,3,Placed,Krueger Ltd,1300000,4,2019-04-05
24,24,97,2,Not Ready,"Gonzalez, Webb and Davis",1100000,2,2014-06-22
25,25,78,3,Not Ready,Powell LLC,600000,3,2013-10-11
26,26,66,2,Placed,Whitaker Ltd,1600000,0,1999-05-06
27,27,96,3,Placed,"Rodriguez, Mccoy and Bailey",900000,5,1977-01-25
28,28,93,1,Not Ready,Hayes Group,1900000,4,2016-02-14
29,29,77,1,Ready,Gallagher PLC,800000,1,2011-12-10
30,30,66,0,Ready,"Blair, Baxter and Gillespie",700000,5,1986-04-27
31,31,89,0,Not Ready,Miller PLC,300000,5,1989-06-11
32,32,84,0,Not Ready,Hull-Bailey,1300000,1,2023-12-09
33,33,48,2,Ready,"Floyd, Hart and Gallegos",1600000,4,2007-12-23
34,34,62,3,Not Ready,Walter Inc,500000,5,2022-12-13
35,35,68,0,Not Ready,Jackson-Wolf,800000,2,1990-07-29
36,36,56,0,Not Ready,Stewart-Myers,700000,5,1973-07-27
37,37,92,2,Ready,Kidd-Lopez,700000,2,1973-09-10
38,38,100,3,Placed,Romero LLC,500000,1,1994-03-05
39,39,79,3,Not Ready,"Riley, Rodriguez and Rios",400000,0,2024-01-31
40,40,98,2,Placed,Washington-Davis,600000,2,1980-04-05
41,41,81,0,Ready,"Park, Herrera and Johnson",1700000,5,1998-06-13
42,42,43,1,Ready,Carrillo-Kidd,800000,5,1996-11-05
43,43,58,3,Ready,Price Group,1600000,2,1998-02-10
44,44,94,2,Not Ready,"Ward, Jennings and Mitchell",400000,4,2008-09-15
45,45,93,1,Ready,Pace-Vaughn,700000,4,1979-07-03
46,46,49,3,Ready,Forbes-Brown,300000,1,1996-06-27
47,47,80,0,Not Ready,Guerrero Group,2000000,4,2004-03-02
48,48,85,1,Not Ready,"Long, Sandoval and Huerta",1000000,1,1984-09-10
49,49,98,3,Not Ready,Jones Group,1700000,1,2003-01-02
50,50,85,0,Not Ready,"Griffin, Jones and Rush",1300000,5,1970-07-25
51,51,47,0,Not Ready,Terry-Tapia,2000000,2,1979-10-28
52,52,57,0,Placed,Thompson Group,2000000,1,1993-01-03
53,53,69,1,Not Ready,Roberson-Garza,800000,0,1998-02-17
54,54,73,0,Placed,"Patterson, Phillips and Davis",300000,5,2001-06-27
55,55,99,1,Not Ready,Smith-Wright,1500000,0,1980-02-25
56,56,90,3,Ready,Lee-Olson,1300000,0,1979-01-29
57,57,77,2,Ready,Mack Group,1800000,5,1991-10-11
58,58,81,0,Not Ready,Young Group,1700000,2,1990-08-06
59,59,87,1,Ready,"Bell, Martin and Bailey",1300000,5,2010-08-12
60,60,44,2,Ready,Lloyd-Guerra,800000,1,2012-01-27
61,61,92,3,Placed,"Mann, Blake and Shelton",1200000,3,2021-03-16
62,62,94,0,Placed,"Smith, Pearson and Mccann",1100000,0,2004-11-02
63,63,40,0,Placed,Calhoun-Wheeler,900000,2,1999-11-28
64,64,96,0,Placed,"Williams, Barrett and Serrano",1100000,1,2016-08-03
65,65,89,2,Not Ready,Hill and Sons,1200000,1,1971-10-18
66,66,61,1,Not Ready,Bass-Jones,600000,5,1977-12-10
67,67,65,0,Ready,"Martinez, Bennett and Alvarez",300000,5,1993-04-17
68,68,89,1,Not Ready,"Davis, Campbell and Edwards",300000,1,1998-04-09
69,69,57,2,Ready,Powell-Bowen,700000,1,2005-01-06
70,70,63,1,Ready,Carpenter and Sons,1400000,1,1993-03-22
71,71,91,1,Ready,"Phillips, Dominguez and Bailey",1300000,3,1972-05-06
72,72,61,0,Not Ready,Hawkins-Wood,2000000,4,2009-09-11
73,73,59,1,Placed,Goodman-Miller,2000000,2,1977-07-12
74,74,58,3,Placed,"Simpson, Fischer and Pierce",1900000,5,1996-06-04
75,75,86,2,Ready,Anderson PLC,400000,2,1992-01-22
76,76,71,3,Placed,"Peterson, Gallagher and Watson",1400000,0,2021-08-03
77,77,47,2,Ready,"Gilmore, Ford and Clark",700000,5,2008-10-07
78,78,42,3,Placed,"Marshall, Garcia and Ashley",1800000,2,1996-07-01
79,79,67,0,Not Ready,Gonzalez Inc,1800000,3,1970-02-21
80,80,72,3,Ready,Smith LLC,1800000,5,1992-10-20
81,81,65,3,Not Ready,"Terry, Thompson and Mclaughlin",600000,5,2000-04-08
82,82,52,2,Not Ready,"Hamilton, Baker and Merritt",600000,0,2024-10-22
83,83,90,0,Placed,Smith-Williams,1000000,3,1985-11-28
84,84,56,2,Placed,"Thomas, Williams and Walter",800000,2,2000-07-12
85,85,77,3,Placed,"Molina, Johnson and Giles",1900000,5,2025-03-27
86,86,53,0,Ready,"Vincent, Schneider and Miller",800000,2,2018-10-25
87,87,77,1,Ready,Vega LLC,600000,4,2017-08-19
88,88,42,1,Ready,Johnson Group,1900000,5,1974-05-15
89,89,50,3,Placed,Alexander-Shepard,1700000,0,1996-06-13
90,90,62,2,Ready,Barnes-Wang,1100000,4,2021-09-02
91,91,55,3,Ready,Orr-Carlson,300000,5,1987-04-13
92,92,72,3,Placed,Price-Maxwell,1700000,5,2017-10-21
93,93,47,2,Ready,"Lopez, Ibarra and Perry",1300000,3,1981-06-25
94,94,96,3,Not Ready,Hamilton and Sons,700000,0,2003-07-20
95,95,85,1,Ready,"Davis, Lindsey and Wright",1300000,3,2014-09-30
96,96,52,0,Not Ready,Owens-Ayers,1000000,5,1981-04-08
97,97,53,3,Placed,Powell and Sons,300000,5,2011-10-30
98,98,50,1,Placed,"Lee, Hall and Spence",500000,3,1972-07-09
99,99,80,2,Placed,Torres-Sampson,2000000,5,1983-05-03
100,100,53,2,Ready,Little Ltd,1800000,2,2016-12-10
101,101,75,2,Ready,Hunt Inc,600000,0,1995-05-18
102,102,76,0,Ready,Skinner Inc,900000,0,1983-02-02
103,103,52,3,Ready,"Higgins, Miller and Martin",1300000,4,2018-06-19
104,104,79,3,Placed,"Barajas, Gillespie and Gordon",1300000,4,1984-04-03
105,105,66,3,Not Ready,Carr-Clark,1400000,0,1985-05-19
106,106,88,3,Placed,Young-Peterson,1700000,3,1980-03-01
107,107,51,0,Placed,Ward-James,1100000,4,1997-01-16
108,108,54,2,Placed,"Gallagher, Leon and Hunter",900000,3,1977-05-08
109,109,45,0,Not Ready,Frey Ltd,2000000,1,2017-10-15
110,110,86,1,Ready,Anderson Ltd,600000,2,1978-05-05
111,111,57,1,Not Ready,Daugherty Inc,600000,3,2010-05-31
112,112,69,2,Placed,Lee Group,1800000,3,2016-08-07
113,113,43,1,Ready,"Jenkins, Cook and Carlson",700000,5,2000-10-02
114,114,57,0,Not Ready,Johnson Ltd,1300000,4,2009-06-06
115,115,56,0,Not Ready,Gutierrez-Diaz,1600000,1,1989-03-18
116,116,90,0,Ready,"Sharp, Gallagher and Brown",1500000,0,1991-11-09
117,117,43,3,Not Ready,Montes Ltd,1600000,5,2017-05-08
118,118,88,1,Not Ready,Solis PLC,1400000,1,2010-06-26
119,119,48,0,Ready,Rose and Sons,1500000,2,1997-10-14
120,120,100,3,Ready,Miller LLC,400000,4,1973-05-29
121,121,86,3,Not Ready,"Reyes, Horne and Freeman",1600000,5,2019-09-13
122,122,50,1,Not Ready,"Hogan, Wilson and Haney",1700000,5,2008-07-03
123,123,61,3,Placed,"Montgomery, Gonzalez and Harvey",2000000,5,1975-06-06
124,124,47,0,Not Ready,Swanson-Solis,600000,1,2015-02-03
125,125,72,2,Placed,Fernandez PLC,300000,1,1981-07-11
126,126,66,2,Placed,Morgan-Blake,1200000,5,1987-03-12
127,127,62,2,Not Ready,"Gray, Garza and Holmes",1800000,4,1994-07-23
128,128,82,2,Placed,"Clay, Benitez and Howard",1400000,4,1981-11-26
129,129,86,3,Placed,Clark-Hudson,1200000,0,1979-07-03
130,130,87,2,Placed,"Bush, Thomas and White",1900000,2,2010-01-24
131,131,90,1,Placed,Powers LLC,1500000,2,2010-03-15
132,132,87,2,Not Ready,"Ruiz, Rich and Hayden",500000,2,1974-10-08
133,133,60,3,Not Ready,Chase LLC,1200000,1,2007-04-25
134,134,55,0,Not Ready,Landry-Schneider,500000,3,1983-11-03
135,135,82,0,Placed,Lee-Woodward,900000,5,1979-06-24
136,136,65,2,Ready,"Chung, Knox and Potts",1300000,4,2015-02-04
137,137,47,2,Placed,Cruz PLC,1800000,0,1977-09-08
138,138,91,0,Not Ready,Banks Group,2000000,5,2011-01-22
139,139,41,2,Not Ready,Schultz-Trujillo,1300000,5,2008-01-31
140,140,60,2,Placed,Daniels LLC,300000,1,1996-03-03
141,141,75,2,Ready,"Anderson, Drake and Duran",1200000,2,2009-07-18
142,142,66,1,Ready,"Villarreal, Lopez and Flores",700000,1,1988-03-18
143,143,97,1,Placed,"Olson, Rogers and Carney",900000,5,1998-01-05
144,144,63,3,Ready,Stein-Thomas,800000,1,1987-10-13
145,145,69,3,Placed,Lyons-Booth,1000000,3,2025-06-22
146,146,51,2,Not Ready,Vasquez Inc,1500000,1,1993-08-16
147,147,95,0,Not Ready,"Carson, Hansen and Le",1700000,2,1992-02-04
148,148,51,0,Ready,Williams-Yang,1600000,2,2014-03-20
149,149,51,2,Ready,"Reeves, Roy and Ray",1900000,0,1991-02-10
150,150,69,3,Not Ready,"Lopez, Brown and Lindsey",300000,5,1975-08-17
151,151,70,2,Placed,Navarro PLC,1200000,5,1970-09-19
152,152,72,3,Ready,Todd-Hernandez,300000,2,1983-03-01
153,153,59,3,Placed,Evans-Conner,1900000,5,2017-03-04
154,154,74,0,Ready,White-Wilson,2000000,3,1975-01-16
155,155,78,3,Ready,"Bryan, Anderson and Lopez",1200000,0,2017-08-31
156,156,44,1,Ready,"Curtis, Jackson and Gardner",300000,2,1976-07-25
157,157,65,0,Placed,"Montgomery, Nichols and Williams",1500000,4,1987-10-03
158,158,81,1,Placed,"Miller, Patel and Butler",800000,0,2013-04-18
159,159,67,2,Placed,"Hall, Willis and Hardin",1600000,1,2003-05-28
160,160,41,3,Not Ready,Branch PLC,400000,4,1984-11-02
161,161,90,1,Placed,Boyer Ltd,2000000,1,2015-09-01
162,162,44,1,Ready,Luna-Price,1600000,4,1991-05-31
163,163,67,2,Ready,Davis-Guzman,1200000,5,1999-11-05
164,164,99,0,Ready,Marks-Johnson,500000,1,2017-03-22
165,165,69,0,Ready,"Miller, Jenkins and Campos",1400000,3,2020-01-24
166,166,83,0,Ready,"Wood, Foley and Winters",1400000,0,2021-06-22
167,167,75,3,Not Ready,Lynch-West,1100000,1,1974-09-30
168,168,81,0,Not Ready,Carr LLC,300000,4,1972-02-21
169,169,86,1,Ready,Gray PLC,1400000,1,2001-12-31
170,170,86,3,Placed,"Barton, Black and Berry",1100000,4,1984-04-24
171,171,45,3,Ready,Green LLC,2000000,2,1984-08-05
172,172,43,0,Ready,"Scott, Buchanan and Hoover",600000,3,2014-11-10
173,173,59,0,Not Ready,Pham Group,800000,3,1998-10-27
174,174,78,2,Ready,"Miller, Morris and Massey",1600000,2,2010-05-15
175,175,55,0,Placed,Hughes Group,1600000,3,2019-02-22
176,176,74,2,Ready,"Walsh, Hughes and Long",1300000,5,1986-05-18
177,177,75,3,Placed,"Williams, Diaz and Castro",1200000,1,1993-05-03
178,178,96,3,Ready,Powell PLC,500000,0,1996-03-09
179,179,58,2,Ready,"Hardy, Wong and Burton",1800000,4,2015-02-07
180,180,80,2,Placed,"Mejia, Taylor and Rivera",300000,5,2007-11-05
181,181,72,0,Ready,"Kane, Gill and Gray",1600000,2,2009-06-12
182,182,77,0,Not Ready,Wood-Norris,1800000,4,2019-06-14
183,183,92,0,Ready,Vega Inc,1500000,5,2023-04-06
184,184,52,2,Not Ready,Gardner LLC,800000,2,1988-10-18
185,185,87,2,Not Ready,"Johnson, Montes and Lucas",700000,1,2001-11-07
186,186,63,3,Not Ready,Strong PLC,900000,2,2013-05-14
187,187,92,1,Not Ready,Chambers-Shields,1600000,5,1983-08-04
188,188,100,2,Not Ready,Johnson-Massey,1000000,0,2025-04-27
189,189,58,2,Placed,"Williams, Spencer and Smith",800000,5,2015-08-21
190,190,58,1,Not Ready,"Hill, Faulkner and Neal",1600000,1,2005-11-21
191,191,57,1,Not Ready,"Nelson, Holland and Frazier",1700000,5,2000-08-19
192,192,61,0,Placed,Nolan-Vazquez,1600000,4,2010-04-03
193,193,89,0,Not Ready,Aguilar-Jimenez,1200000,1,1970-02-18
194,194,67,3,Placed,Johnson-Lee,1900000,3,1988-07-31
195,195,92,2,Placed,Edwards PLC,900000,4,1994-12-24
196,196,80,3,Placed,"Mcknight, Blanchard and Jones",300000,0,2008-11-27
197,197,66,0,Ready,"Lane, Mccann and Blanchard",1100000,0,1981-08-24
198,198,97,0,Ready,Cabrera LLC,1100000,1,1992-04-23
199,199,55,0,Ready,"Smith, Scott and Rosario",1700000,0,2010-12-27
200,200,45,3,Ready,Martin LLC,1400000,1,1979-10-01
201,201,61,0,Ready,Marshall-Daniel,1800000,3,2006-12-22
202,202,52,3,Placed,Gregory PLC,500000,0,1982-12-31
203,203,61,0,Ready,Taylor Inc,1000000,0,2008-06-25
204,204,44,3,Placed,"Jones, Parsons and Perez",1500000,4,1980-02-20
205,205,94,3,Placed,Thomas-Morton,1000000,5,1985-01-12
206,206,58,0,Not Ready,Gonzalez-Whitney,700000,1,1982-09-08
207,207,72,3,Ready,Hill-Walker,600000,0,2023-03-27
208,208,64,2,Placed,Roberts-Jacobson,500000,1,2001-01-12
209,209,77,2,Not Ready,"Waters, Dixon and Whitney",800000,4,2001-05-06
210,210,80,0,Not Ready,Koch-Webb,1000000,0,2021-07-04
211,211,77,0,Ready,"Daniels, Lopez and Thomas",1800000,0,1989-03-15
212,212,40,0,Ready,"Jenkins, Mcfarland and Steele",2000000,5,2008-10-04
213,213,95,1,Ready,Vaughn-Henderson,1600000,1,1984-04-11
214,214,68,3,Ready,Serrano-Gilmore,1700000,0,1991-12-30
215,215,47,3,Not Ready,Mccarty PLC,1300000,0,2008-10-12
216,216,92,0,Ready,"Bowman, Hopkins and Graves",300000,5,2001-06-25
217,217,62,3,Not Ready,Simpson-Lewis,900000,0,2013-05-10
218,218,58,0,Placed,Alvarez-Serrano,700000,1,1996-08-11
219,219,66,1,Placed,Gray-Green,1500000,4,1987-01-29
220,220,68,3,Ready,Morris-Mendez,1600000,3,2008-09-27
221,221,59,0,Not Ready,Christensen PLC,800000,0,2015-05-28
222,222,49,3,Placed,"Hess, Morris and Smith",1800000,1,1989-10-08
223,223,57,1,Placed,Hall Ltd,1000000,5,1972-04-01
224,224,88,3,Placed,Norton-Hill,1400000,0,2009-03-19
225,225,84,3,Placed,Fowler-Robinson,1900000,4,2001-05-24
226,226,54,2,Ready,Christensen-Conner,1800000,4,1997-03-12
227,227,58,1,Placed,Lewis-Snow,1900000,1,1995-05-01
228,228,76,1,Ready,"Young, Torres and Harris",1400000,1,2007-08-27
229,229,96,0,Not Ready,Sloan and Sons,1100000,5,2015-11-04
230,230,93,3,Not Ready,Woodard-Washington,700000,0,1977-09-22
231,231,96,0,Placed,White and Sons,1700000,4,2005-11-13
232,232,64,3,Ready,Neal and Sons,1500000,2,1981-12-15
233,233,66,3,Not Ready,Mayer Inc,700000,4,1999-11-15
234,234,92,0,Placed,"Norman, Best and Santana",1400000,4,1972-05-29
235,235,99,3,Not Ready,Gamble Inc,600000,5,2002-03-11
236,236,97,3,Ready,"Daniel, Johnson and Nicholson",2000000,5,1971-08-20
237,237,74,0,Placed,"Morris, Gonzalez and Castillo",600000,3,2006-04-19
238,238,84,2,Ready,"Parker, Gates and Johnson",900000,4,2005-08-14
239,239,43,3,Placed,"Grant, Craig and Gutierrez",600000,0,2008-09-13
240,240,49,3,Not Ready,"Leblanc, Phillips and Pierce",1200000,2,1982-06-01
241,241,48,2,Placed,French-Werner,600000,1,2017-03-17
242,242,79,1,Ready,Gonzalez LLC,1900000,5,1996-05-30
243,243,70,3,Not Ready,Sanchez and Sons,1200000,1,2011-08-14
244,244,78,1,Not Ready,Powers-Foster,1300000,1,2000-07-16
245,245,77,3,Not Ready,Alexander PLC,400000,4,1983-04-11
246,246,74,2,Placed,Jones-Zamora,1600000,2,2020-06-15
247,247,79,0,Not Ready,Wiggins-Johnson,900000,0,2021-04-25
248,248,59,1,Placed,Avila Group,500000,4,2021-02-16
249,249,94,3,Placed,"Banks, Mendez and Peterson",900000,2,1999-05-28
250,250,67,0,Ready,Moore Ltd,1400000,4,2011-10-19
251,251,80,0,Placed,"Wiley, Peterson and Blake",500000,5,1985-07-06
252,252,99,0,Ready,Gibbs Group,300000,4,2008-06-09
253,253,48,3,Ready,Gonzalez Ltd,700000,5,1971-06-08
254,254,93,2,Placed,"Glenn, Stephens and Ruiz",2000000,0,1998-05-18
255,255,60,1,Placed,Mason-Bishop,1000000,5,2007-11-28
256,256,76,2,Ready,Owens-Woodard,400000,0,2009-06-25
257,257,50,2,Ready,Baker and Sons,2000000,0,1999-01-02
258,258,68,0,Not Ready,Chan-Daniels,900000,5,1988-02-14
259,259,47,3,Ready,"Christensen, Wolfe and Williams",400000,1,2018-07-10
260,260,69,1,Not Ready,Duran Group,1200000,1,1973-05-19
261,261,49,3,Ready,Lee and Sons,2000000,5,1999-02-09
262,262,48,3,Placed,"Vega, Harris and Gomez",700000,4,2006-03-14
263,263,91,1,Placed,Garcia Ltd,1100000,5,1990-01-10
264,264,80,0,Ready,Mccoy-Sims,1000000,1,1973-07-05
265,265,74,0,Placed,"Webb, Erickson and Martin",1800000,1,1980-05-18
266,266,59,0,Not Ready,Smith-Hinton,1300000,5,1987-11-02
267,267,93,3,Not Ready,Bowen-Valentine,1700000,1,1998-02-05
268,268,94,2,Placed,"Bradford, Lam and Brown",700000,4,1972-07-02
269,269,86,0,Placed,"Ramirez, Powell and Lopez",1000000,3,2005-04-09
270,270,92,2,Ready,Jones Group,1700000,0,1970-05-12
271,271,57,0,Not Ready,Jones LLC,1000000,0,2021-05-26
272,272,79,2,Ready,Stevens and Sons,2000000,3,1973-06-24
273,273,45,0,Not Ready,"Adkins, Wilkerson and Hunter",800000,3,2007-11-25
274,274,63,0,Not Ready,"Johnson, Robinson and Brown",300000,0,1988-12-22
275,275,56,2,Placed,"Craig, Thompson and Thompson",1800000,0,1981-02-07
276,276,77,1,Placed,Martinez Group,1900000,2,2007-09-16
277,277,84,2,Placed,"Miller, Myers and Lewis",600000,1,2020-05-30
278,278,65,3,Ready,"Higgins, Dawson and Johnson",2000000,4,2024-08-24
279,279,96,1,Placed,Romero-Riley,1000000,4,1995-03-29
280,280,86,1,Ready,Hanson Inc,1900000,1,1980-04-11
281,281,66,2,Placed,"Cohen, Davis and Jarvis",300000,3,2021-12-17
282,282,42,2,Ready,Taylor Inc,1200000,5,1994-08-15
283,283,75,1,Placed,"Johnson, Washington and Davis",1500000,4,1982-02-28
284,284,81,3,Ready,"Davis, Randolph and Haley",1300000,3,2013-11-02
285,285,57,0,Placed,Martin-Gilbert,1900000,1,2019-01-18
286,286,57,0,Ready,Quinn and Sons,800000,0,2008-11-25
287,287,90,3,Ready,Alexander-Caldwell,300000,3,2007-11-24
288,288,62,2,Not Ready,Armstrong-Dixon,900000,5,2002-07-04
289,289,91,0,Placed,Cross-Harris,800000,0,2024-08-26
290,290,47,1,Placed,"Williams, Brown and Burton",1700000,5,1985-10-06
291,291,97,0,Ready,Palmer-Edwards,1900000,3,1972-03-26
292,292,90,2,Not Ready,"Peterson, Chase and Reed",1000000,1,2020-12-08
293,293,57,3,Placed,"Martinez, Randolph and Murillo",1700000,0,2018-08-21
294,294,55,3,Not Ready,Gonzalez PLC,1000000,2,1972-06-05
295,295,60,0,Ready,Glass-Buck,300000,1,1987-09-09
296,296,59,3,Ready,"Floyd, Long and Payne",600000,4,1999-04-12
297,297,77,3,Placed,Duncan-Garcia,1400000,3,2014-07-29
298,298,94,0,Not Ready,Black and Sons,300000,3,1982-04-16
299,299,69,1,Ready,Meyer-Jenkins,1400000,3,2007-01-13
300,300,87,0,Placed,Liu Group,300000,3,1976-10-26
301,301,52,2,Placed,Michael-Hodges,1600000,3,1985-03-21
302,302,98,0,Not Ready,"Marshall, Brown and Beck",1600000,3,2006-10-31
303,303,43,2,Not Ready,Phelps-Howard,1200000,1,1987-12-01
304,304,80,0,Not Ready,"Martin, Castillo and Pratt",700000,5,2006-08-30
305,305,70,3,Ready,Mcdonald and Sons,1200000,5,2005-01-05
306,306,62,0,Ready,Davis PLC,1100000,1,1988-06-08
307,307,90,1,Not Ready,"Lee, Lowe and Smith",1000000,5,2010-06-29
308,308,87,3,Ready,Miller LLC,1100000,1,2011-03-20
309,309,50,2,Ready,Nguyen Ltd,600000,1,1989-06-23
310,310,93,2,Not Ready,"Vasquez, Boyer and Santiago",1600000,1,2001-04-14
311,311,46,3,Not Ready,"Spears, Marshall and Bishop",800000,0,2010-01-27
312,312,54,3,Ready,Harrison Group,1800000,5,2012-01-10
313,313,99,3,Not Ready,Colon-Welch,1200000,4,1982-10-31
314,314,74,1,Not Ready,Sawyer-Blair,800000,3,1972-01-20
315,315,92,2,Not Ready,Sanders Ltd,800000,5,1977-09-21
316,316,94,0,Not Ready,Duncan-Gibson,1300000,3,2022-05-31
317,317,100,1,Ready,"Ortiz, Hayes and Harris",1300000,0,2003-09-25
318,318,98,1,Placed,Glenn-Green,1800000,5,2015-09-09
319,319,83,0,Not Ready,Kennedy-Sanchez,700000,2,2024-03-07
320,320,46,2,Ready,Hansen-Jones,1000000,2,1973-09-29
321,321,50,0,Ready,Montes Ltd,800000,3,1996-02-08
322,322,56,3,Placed,Willis-Smith,1400000,5,2008-10-11
323,323,69,2,Not Ready,Gibson-Brown,1500000,5,2000-10-05
324,324,98,0,Not Ready,Jones Inc,900000,4,1993-01-03
325,325,75,1,Placed,Madden-Harris,1900000,1,1975-09-26
326,326,45,2,Ready,Kelly Group,2000000,5,1986-03-11
327,327,86,2,Placed,Beard Inc,1900000,3,2022-03-30
328,328,86,3,Not Ready,"Watkins, Baldwin and Davis",1100000,4,1971-08-24
329,329,62,0,Not Ready,Myers-Carter,600000,2,2025-10-18
330,330,78,2,Ready,Walker and Sons,800000,4,1979-03-03
331,331,71,1,Not Ready,Campbell Group,500000,3,1998-10-13
332,332,88,2,Ready,Newman-Nelson,800000,4,2011-02-12
333,333,79,1,Not Ready,Richards Inc,1800000,0,1984-08-09
334,334,90,1,Not Ready,Carroll-Leonard,1900000,1,2015-12-24
335,335,90,2,Placed,Waters Ltd,1200000,2,2021-06-07
336,336,66,0,Ready,"Thomas, Ponce and Roberts",1400000,4,1973-06-01
337,337,46,1,Ready,Collier-Sanders,1000000,5,1990-12-18
338,338,47,0,Placed,"Montes, Carroll and Carlson",400000,0,2020-08-17
339,339,88,1,Ready,"Hanson, Johnson and Phillips",500000,1,1999-03-02
340,340,77,2,Ready,Roach-Drake,1300000,1,2006-08-29
341,341,73,0,Not Ready,"Rodriguez, Martinez and Rowe",1100000,4,1981-03-29
342,342,77,3,Ready,"Bailey, Saunders and Patterson",1700000,3,2004-12-22
343,343,56,0,Ready,Martinez Ltd,800000,5,2019-03-18
344,344,58,2,Not Ready,Adams-Martin,1000000,4,2010-06-24
345,345,84,1,Ready,Kelley Inc,1600000,0,1983-10-13
346,346,75,3,Ready,Pratt PLC,1700000,5,2014-04-21
347,347,52,2,Not Ready,"Schwartz, Barrera and Bowers",1100000,3,2016-02-15
348,348,62,1,Ready,Wilson-White,800000,4,1996-12-27
349,349,64,2,Placed,Lewis Ltd,1300000,4,1982-09-08
350,350,60,2,Ready,Duran-Newman,1000000,1,1986-09-13
351,351,64,3,Ready,"Wilkinson, Walker and Tanner",800000,0,1984-11-02
352,352,44,3,Ready,Friedman-Moyer,1000000,4,1975-07-16
353,353,98,0,Not Ready,"Rojas, Allen and Robinson",1900000,3,1971-03-28
354,354,67,3,Not Ready,Lee LLC,300000,0,2003-05-10
355,355,42,0,Ready,Rogers-Ramos,1600000,1,2002-11-30
356,356,95,2,Not Ready,"Weaver, Carter and Nelson",600000,1,2024-05-24
357,357,84,2,Ready,Brown-Lee,1500000,1,1979-09-18
358,358,44,1,Not Ready,Hancock-Smith,2000000,0,1993-08-19
359,359,82,2,Ready,Atkins and Sons,1300000,1,2014-09-08
360,360,85,0,Ready,Franklin and Sons,1400000,0,1974-05-07
361,361,74,3,Ready,Vincent Ltd,1400000,5,1982-01-16
362,362,74,2,Ready,Robertson-Soto,1800000,1,2013-01-05
363,363,73,0,Not Ready,Carter-Hernandez,600000,5,2006-03-02
364,364,76,1,Placed,"Mendez, Smith and Lucas",900000,5,1995-02-01
365,365,46,1,Placed,Flynn Group,1800000,3,2019-11-11
366,366,87,1,Not Ready,Palmer-Gordon,500000,1,2021-10-19
367,367,80,1,Not Ready,Stewart Inc,800000,1,2010-05-31
368,368,83,3,Placed,Jackson Ltd,1100000,4,2021-10-20
369,369,79,3,Not Ready,Moore-Vega,1800000,4,2015-11-07
370,370,80,0,Ready,Davis LLC,800000,2,2003-12-08
371,371,74,1,Placed,"Brown, Murphy and Moore",1500000,0,1992-02-19
372,372,65,1,Placed,Brown Group,1300000,1,2021-09-26
373,373,60,2,Ready,Kelly LLC,2000000,0,2002-03-25
374,374,67,2,Not Ready,"Romero, Johnson and Williams",2000000,2,2014-09-24
375,375,50,0,Not Ready,Wiley Ltd,700000,3,1981-01-12
376,376,82,0,Not Ready,Ruiz Group,800000,3,1975-08-20
377,377,51,1,Placed,"Phillips, Orr and Simon",500000,4,1985-06-15
378,378,68,3,Not Ready,Johnson-Santiago,1600000,4,1987-07-25
379,379,72,2,Placed,"Mays, Mason and Stevens",1100000,1,2025-06-30
380,380,76,2,Not Ready,"Carrillo, French and Perry",1400000,0,2013-05-18
381,381,71,2,Placed,"Nelson, Mann and Vang",800000,5,2021-06-12
382,382,49,2,Placed,Suarez-Scott,1800000,4,2013-12-29
383,383,43,0,Placed,Gentry-Joseph,500000,3,1972-08-26
384,384,83,0,Not Ready,"Johnson, Eaton and Wallace",300000,2,2015-12-06
385,385,58,0,Ready,"Harrison, Lopez and Wilson",700000,2,1979-11-20
386,386,87,3,Not Ready,"Myers, Page and James",1400000,2,1978-07-28
387,387,86,1,Placed,Rogers Inc,500000,2,2018-04-12
388,388,61,1,Not Ready,Graham-Lopez,1400000,2,1993-07-18
389,389,69,1,Not Ready,"Gonzalez, Page and Smith",500000,3,2007-08-23
390,390,51,2,Placed,"Richards, Clark and Sullivan",1500000,5,1970-02-22
391,391,84,3,Not Ready,"Valentine, Brown and Montgomery",700000,0,2002-04-03
392,392,88,0,Not Ready,Thompson-Dominguez,1600000,5,1995-06-06
393,393,57,3,Ready,Diaz Inc,1000000,0,1973-04-21
394,394,42,3,Placed,"Hunt, Greene and Campbell",600000,4,1972-01-21
395,395,49,0,Ready,Mendez Group,600000,2,1980-08-25
396,396,67,0,Not Ready,Lewis-Bradley,700000,1,2010-04-11
397,397,78,1,Ready,"Moran, Cuevas and Perry",400000,0,2018-02-19
398,398,80,2,Placed,"Smith, Brown and Haley",1900000,4,2000-07-03
399,399,94,0,Ready,"Simpson, Wilson and Phillips",800000,2,2024-12-23
400,400,72,3,Placed,"Livingston, Kelly and Watkins",1400000,1,1980-08-21
401,401,57,1,Not Ready,Ramsey Inc,1500000,3,1982-12-15
402,402,76,2,Ready,Hobbs-Love,900000,0,1994-08-02
403,403,65,1,Not Ready,Pierce-Lee,1900000,2,1975-01-06
404,404,99,1,Not Ready,"Singh, Mitchell and Patterson",1300000,4,2011-11-05
405,405,76,2,Placed,Williams Group,1200000,5,2017-06-03
406,406,77,0,Ready,"Mason, Carter and Sanchez",800000,4,2020-01-01
407,407,67,1,Placed,Torres-Barton,1100000,1,2003-03-26
408,408,64,2,Ready,Hudson Ltd,1700000,2,2018-10-20
409,409,73,2,Ready,Warren-Jennings,1500000,2,2005-03-31
410,410,99,2,Not Ready,Hall-Logan,1300000,3,1971-05-18
411,411,99,2,Not Ready,Baldwin-Miller,1800000,2,2019-12-13
412,412,60,2,Placed,"Arellano, Smith and Lee",400000,1,2021-04-27
413,413,57,2,Not Ready,Wright Group,2000000,5,1983-09-02
414,414,55,0,Placed,"Davis, Shaffer and Stanton",500000,4,1987-11-20
415,415,45,1,Not Ready,"Norman, Williams and Noble",1700000,2,1979-12-17
416,416,45,3,Not Ready,"Frey, Kelley and Morse",2000000,1,1992-07-19
417,417,49,0,Ready,"Wolf, Sampson and Davis",400000,0,2007-07-27
418,418,42,2,Not Ready,Davenport-Aguilar,500000,5,2013-05-17
419,419,81,1,Placed,Smith-Cochran,800000,4,2024-03-27
420,420,70,2,Placed,"Johnston, Dillon and Rice",1700000,2,2006-01-17
421,421,81,3,Not Ready,"Alexander, Lee and Sawyer",800000,2,2025-05-19
422,422,98,0,Not Ready,"Howell, Lopez and Rodriguez",1200000,4,2006-10-05
423,423,78,2,Ready,Henderson-Harding,700000,5,1981-01-25
424,424,43,1,Placed,Williams-Burke,1200000,2,1980-09-11
425,425,53,1,Ready,"Lopez, Richmond and Holder",2000000,4,2000-07-22
426,426,66,1,Placed,Andersen and Sons,300000,3,2010-05-18
427,427,56,3,Ready,Brooks Group,1300000,2,2026-02-08
428,428,68,2,Ready,White Inc,2000000,5,2024-09-14
429,429,72,0,Placed,"Hernandez, Griffith and Davis",1600000,0,2005-01-03
430,430,78,1,Not Ready,"Vance, Mcpherson and Davis",1700000,3,2013-10-04
431,431,86,3,Not Ready,Lucas Inc,1300000,4,2012-12-26
432,432,55,1,Placed,Perez-Miller,2000000,2,1980-10-31
433,433,70,2,Ready,"Simpson, Coleman and Stanton",400000,4,1973-04-03
434,434,61,0,Placed,Sullivan and Sons,1500000,3,1997-10-06
435,435,99,0,Ready,Lawrence-Henry,1800000,1,2011-12-27
436,436,71,3,Placed,Jimenez Inc,1300000,0,1988-06-13
437,437,61,2,Placed,"Meadows, Harris and Hunt",300000,0,1998-12-08
438,438,94,0,Not Ready,Gibson-Randall,1800000,5,2012-06-05
439,439,81,2,Placed,"Juarez, Garcia and Levy",1900000,2,1987-07-02
440,440,89,2,Placed,"Knight, Mccarthy and Woodward",1800000,3,1974-03-02
441,441,67,3,Ready,"Johnson, Jones and Hawkins",1500000,2,2010-07-07
442,442,59,3,Ready,"White, Fletcher and Kramer",1200000,2,1971-04-01
443,443,98,1,Placed,George-Smith,1600000,5,2014-01-10
444,444,52,1,Ready,"Willis, Banks and Kelly",600000,5,1979-12-17
445,445,44,0,Placed,Moss-Peck,1900000,1,2003-04-18
446,446,92,3,Ready,Martinez-Pitts,800000,2,2025-09-06
447,447,83,0,Ready,"Chavez, Grant and Kelley",1000000,5,2014-04-11
448,448,93,1,Ready,Alvarado-Green,1100000,0,1974-05-02
449,449,95,2,Not Ready,Martinez-Gray,400000,1,1994-06-15
450,450,70,1,Placed,"Ward, James and Robbins",1400000,0,1970-01-12
451,451,66,3,Placed,Marquez-Keith,1100000,1,1971-01-20
452,452,62,2,Placed,Goodman-Rojas,900000,4,2006-04-06
453,453,48,3,Placed,Conner Inc,900000,1,2009-10-14
454,454,86,0,Not Ready,White PLC,400000,1,2016-02-11
455,455,56,2,Not Ready,"Stevens, Pittman and Jackson",1100000,1,1978-07-18
456,456,97,0,Ready,Reynolds-Duncan,500000,2,1975-04-08
457,457,66,3,Ready,Dawson-Taylor,700000,4,1994-07-27
458,458,49,1,Placed,"Wilson, Lewis and Curry",1500000,5,1975-09-01
459,459,56,3,Not Ready,Holt Group,500000,2,2002-02-06
460,460,46,2,Ready,Zhang Ltd,600000,3,1986-07-02
461,461,84,0,Not Ready,Blake-Boyd,300000,4,1997-04-12
462,462,100,0,Ready,Johnson-Bell,300000,2,2008-09-22
463,463,81,1,Ready,"Mcneil, Reed and Guerra",600000,1,2004-08-05
464,464,43,1,Placed,Henry-Moore,300000,1,2010-02-02
465,465,77,0,Placed,Mccarthy-Houston,1000000,2,2019-11-20
466,466,62,1,Placed,"Garcia, Raymond and Cook",1000000,2,1992-12-23
467,467,77,1,Not Ready,Morrison-Martinez,800000,0,1980-06-15
468,468,56,0,Placed,Aguirre PLC,1100000,3,2010-06-25
469,469,55,2,Placed,"Reed, Adams and Martinez",300000,1,1996-12-16
470,470,69,3,Placed,Fuller LLC,1000000,1,1993-05-29
471,471,98,0,Ready,Lopez PLC,800000,5,1970-02-02
472,472,68,2,Not Ready,"Fletcher, Smith and Villegas",1000000,1,1973-08-27
473,473,64,1,Ready,Smith-Harrell,1700000,3,1982-09-13
474,474,91,2,Ready,Davis PLC,2000000,3,1998-11-26
475,475,47,3,Placed,Mcintosh-Hamilton,300000,0,2007-07-19
476,476,47,3,Placed,Smith-Jones,1900000,0,2008-11-16
477,477,69,1,Not Ready,Russell-Miller,700000,4,1999-12-24
478,478,84,1,Ready,"Perez, Garcia and Bryant",1800000,0,2016-10-17
479,479,97,0,Not Ready,Jennings-Pollard,1700000,5,2011-08-02
480,480,66,0,Not Ready,"Ortiz, Rogers and Lewis",300000,3,1976-12-31
481,481,74,1,Not Ready,"Perez, Nelson and Barrett",1100000,5,1988-09-01
482,482,82,1,Not Ready,Walton PLC,1800000,1,2000-04-29
483,483,54,3,Not Ready,Stephenson-Anderson,800000,1,1991-05-26
484,484,74,1,Ready,Ayala-Ramirez,600000,5,2011-05-19
485,485,90,3,Ready,"Whitaker, Johnson and Lee",1900000,0,1973-06-27
486,486,79,0,Not Ready,"Roman, Banks and Gordon",1800000,1,1996-06-10
487,487,54,2,Not Ready,Richardson PLC,800000,4,2016-10-17
488,488,68,2,Not Ready,Wells PLC,500000,3,1981-01-13
489,489,47,1,Placed,Chapman Ltd,500000,5,2023-04-22
490,490,82,2,Placed,Jackson Group,1700000,0,1973-03-29
491,491,94,3,Not Ready,"Morrison, Moore and Castro",1200000,1,2011-06-21
492,492,48,1,Not Ready,"Fowler, Atkins and Johnson",2000000,3,2019-01-05
493,493,73,0,Not Ready,"Guerra, Armstrong and Daniels",1900000,4,2017-07-06
494,494,96,0,Placed,"Martinez, Fields and Salas",1700000,3,2001-06-01
495,495,54,2,Not Ready,"Guerrero, White and Mueller",1300000,5,2007-01-23
496,496,53,1,Ready,"Salazar, James and Larsen",1800000,0,1978-03-19
497,497,99,1,Placed,"Williams, Schaefer and Daniels",2000000,2,1980-08-13
498,498,72,3,Placed,"Christian, Miller and Hawkins",1700000,4,2013-11-10
499,499,85,2,Not Ready,Adams Inc,1000000,2,1989-02-07
500,500,43,3,Ready,"Taylor, Benson and Davis",1400000,5,2016-10-08
