student_id,name,age,gender,email,phone,enrollment_year,course_batch,city,graduation_year
1,Carolyn Johnson,23,Male,sharon34@example.net,(534)253-9938,2020,Batch D,New Lisa,2024
2,Christopher Gibbs,25,Female,makaylahughes@example.com,880-409-6114x12237,2022,Batch D,Carlsonton,2026
3,Krystal Parker,22,Male,krystalcooper@example.com,(500)242-1681,2023,Batch B,Hernandezborough,2023
4,Nicholas Brown,25,Male,jennyblake@example.com,640-947-3256x8274,2021,Batch C,North Richard,2025
5,Larry Cole,21,Male,powens@example.com,(784)941-3217,2020,Batch A,Kellyfurt,2025
6,Erica Davis,24,Male,lmeyer@example.net,001-707-916-2172x9310,2021,Batch B,Lake Nancy,2024
7,Jason Thomas,19,Male,tuckerchelsea@example.com,001-776-276-2993,2019,Batch D,Riveramouth,2024
8,Rhonda Adams,21,Female,tyler00@example.net,(680)900-1857,2019,Batch D,West Scottmouth,2025
9,Victoria Knight,24,Male,nelsonpatrick@example.com,(757)729-7846x215,2019,Batch C,Lake Michellemouth,2024
10,Steven Adams,21,Male,owensjulie@example.org,+1-607-505-4367x5616,2019,Batch B,South Tylerhaven,2026
11,Jessica Howard,23,Female,allen06@example.com,001-823-736-7841,2021,Batch B,Muellerfort,2023
12,Michael Reyes,20,Male,brandon25@example.com,7693673921,2020,Batch C,Port Caitlinside,2023
13,Patricia Scott,24,Male,alexandra56@example.com,+1-549-637-0664,2022,Batch B,Robertshire,2024
14,Cory Mcfarland,18,Male,xenglish@example.com,+1-658-239-9610,2022,Batch A,Claytonshire,2023
15,Toni Rose,22,Male,jenniferrogers@example.org,706.887.7594x3623,2020,Batch A,Mikeburgh,2026
16,Monica Park,25,Male,longlisa@example.net,001-599-786-5625x278,2019,Batch B,Alexfort,2026
17,Thomas Bennett,23,Female,alyssa28@example.com,329.834.3529x9071,2020,Batch C,Lake Victoria,2023
18,April Taylor,20,Male,warrenterri@example.net,(812)907-4130x9710,2023,Batch C,South Elizabeth,2026
19,Nicole Huffman,19,Female,erobinson@example.org,279-312-5283,2021,Batch A,Austinton,2025
20,Randy Moore,19,Female,wblack@example.net,937-206-4458x328,2019,Batch A,South Darrellview,2023
21,Mariah Peterson,21,Female,dorseymichelle@example.net,628-318-6057x5056,2019,Batch D,Ebonyshire,2024
22,Matthew Lewis,21,Male,fosterwarren@example.org,001-872-528-8330,2020,Batch A,Alvinborough,2023
23,John Norris,18,Male,allisonwalters@example.com,6137720843,2019,Batch C,Robertmouth,2024
24,Jonathan Dean,22,Female,benderandrea@example.net,9908223099,2022,Batch D,Sierramouth,2023
25,Jenna Rubio,18,Female,davidmccormick@example.com,+1-321-603-0708x1043,2023,Batch B,New Brianbury,2026
26,Gabriel Warner,22,Male,michelle34@example.net,+1-310-862-4191x92246,2020,Batch B,Caitlynbury,2026
27,David Ruiz,19,Male,mccallmichael@example.com,985-348-5009x6482,2019,Batch D,Port Kristinbury,2025
28,Mark Anderson,20,Female,uharrington@example.com,+1-694-528-4617x670,2023,Batch D,Grayborough,2025
29,Sandra Miller,18,Male,petersenkayla@example.com,376.770.9159x2646,2020,Batch C,Hannahside,2023
30,Aaron Stevens,25,Female,charlescharles@example.com,(847)545-4405x959,2022,Batch B,Adamsport,2025
31,Alexis Gordon,23,Female,qortega@example.com,001-205-860-4371,2020,Batch A,Mitchellchester,2024
32,Shawn Barker,19,Female,theresamiller@example.org,001-810-463-3532x468,2020,Batch A,Lake Jessica,2023
33,Larry Burnett,22,Male,richard32@example.com,001-962-486-1831x9485,2019,Batch A,Port Kathleen,2023
34,Lisa Ryan,19,Male,nsteele@example.org,796.937.8320,2020,Batch A,Ashleyberg,2026
35,Christopher Silva,23,Female,hardyrichard@example.com,+1-702-489-6196x459,2019,Batch A,South Davidmouth,2026
36,Brian Graves,22,Male,maryhernandez@example.net,926.865.6992x898,2021,Batch A,Lake Robert,2025
37,Dr. Benjamin Walsh,23,Male,amygates@example.org,836.502.8482x47413,2022,Batch D,Annatown,2023
38,Douglas Torres,25,Male,deborahorozco@example.net,618.222.5722x916,2019,Batch B,Gailborough,2025
39,Sheryl Cortez,22,Female,fraziershawn@example.org,7145480366,2021,Batch C,Brianmouth,2025
40,Jordan Price,20,Female,msmith@example.net,642.957.5076x691,2020,Batch A,Lake Tara,2024
41,Daniel Nielsen,18,Male,hmorgan@example.net,001-933-847-7159,2020,Batch A,West Michaelborough,2026
42,Linda Black,25,Female,dnixon@example.com,(884)610-3624,2022,Batch B,Daymouth,2024
43,Lance Shaw,24,Male,robert48@example.org,+1-289-388-4587,2022,Batch B,Duncanmouth,2025
44,Heather Zuniga,18,Male,turnerjennifer@example.org,343-958-8575,2022,Batch B,Port Davidmouth,2024
45,Alexander Navarro,20,Female,sandovalmatthew@example.net,+1-542-649-0328,2020,Batch A,Hubbardport,2026
46,Melissa Green,24,Male,stephenleonard@example.org,001-545-963-9164x787,2021,Batch C,South Yolandaberg,2024
47,Sylvia Barnes,24,Male,robertmonroe@example.org,+1-957-977-2807x6093,2022,Batch B,Costaside,2026
48,Dylan Miller,25,Male,ericallen@example.com,(321)882-1003,2019,Batch B,Jacksonville,2026
49,John Anderson,25,Female,stevenwilson@example.org,692-567-7753,2023,Batch C,Samueltown,2024
50,Robert Hall,23,Female,sarahernandez@example.com,619.513.2914,2020,Batch C,Christopherberg,2025
51,Derrick Cook,18,Female,perryebony@example.org,706-649-9775x2607,2022,Batch C,Heathershire,2023
52,William Black,19,Female,lhughes@example.com,649.516.1628,2022,Batch A,Port Jose,2026
53,Jeffrey Gonzalez,21,Male,lawrencetracy@example.com,595.238.3213x79769,2023,Batch B,North Crystalville,2026
54,James Woods,21,Male,stephaniedavidson@example.net,736.886.4450,2020,Batch D,Finleybury,2023
55,Stacy Avery,23,Male,rhondashields@example.org,001-820-475-7542,2020,Batch B,Lake Tarahaven,2024
56,David Cooper,18,Female,jshah@example.com,893.247.8167x67478,2020,Batch D,Port Darrenbury,2025
57,Mary Hale,19,Female,zriley@example.com,001-502-918-5556x394,2023,Batch A,West Allisonbury,2024
58,Anthony Adams,21,Female,guy70@example.com,+1-499-249-5459x794,2020,Batch A,New Victoriashire,2025
59,Scott Jones,25,Male,wendy09@example.org,(671)208-4158x068,2020,Batch D,Ethanview,2026
60,Lauren Green,24,Male,bradleysusan@example.org,358-409-4721,2020,Batch D,Davidborough,2024
61,Elizabeth Dominguez,22,Male,ncallahan@example.net,238-826-5074,2022,Batch B,New David,2024
62,Heather White,24,Female,gluna@example.com,794.956.6388x44714,2023,Batch D,South Danielberg,2026
63,Debra Yang,24,Female,alexandra03@example.com,898-531-6762x21162,2021,Batch B,East Richard,2023
64,Michelle Patterson,21,Female,brookewarren@example.org,(956)333-5899,2020,Batch C,South Nicholasberg,2023
65,Rebecca Perez MD,24,Female,gsmith@example.com,621-808-4560x58595,2022,Batch C,West Ashley,2025
66,Kevin Martinez,25,Male,katelyn05@example.net,(619)713-9830x95496,2019,Batch D,Davidbury,2026
67,Linda Turner,23,Female,walter13@example.net,601.561.2923x75287,2023,Batch D,Laurenberg,2026
68,Dwayne Kelly,18,Female,margaret71@example.com,6322762857,2022,Batch B,South Ginamouth,2026
69,Alec Tapia,25,Female,rebecca28@example.com,(884)858-8646,2022,Batch B,Lake Anthony,2026
70,Robert Brown,25,Female,davidlee@example.net,699.733.3499x3985,2021,Batch B,Davisberg,2024
71,Jessica Durham,21,Female,hernandezsandra@example.com,(580)680-2696x046,2019,Batch A,North Brian,2023
72,Sally Bradford,18,Female,jonathan38@example.org,(796)560-6494x270,2020,Batch D,North Lisaberg,2025
73,Alicia Jones,21,Female,millerjason@example.org,460-896-1798x9379,2022,Batch A,Lake Tammyburgh,2025
74,Tina Williams,21,Female,williamsmall@example.net,001-492-373-5831,2020,Batch C,Port Kimberlyton,2024
75,Nancy Knight,21,Female,browntheresa@example.net,001-207-291-4133,2022,Batch B,South Daniel,2023
76,Laura Garcia,21,Female,brittanylane@example.org,423-202-1767x60172,2022,Batch A,Lake Saraport,2025
77,William Palmer,24,Male,hunterjamie@example.net,(320)562-5586x98059,2019,Batch B,Port Dustinborough,2023
78,Anthony Mathews,24,Female,xbarber@example.org,669-464-6299x6844,2022,Batch C,South Malloryside,2025
79,Angel Greene,21,Female,donnamunoz@example.org,872-317-8899x0429,2022,Batch D,West Gregory,2026
80,Sandra Bowers,19,Male,uvang@example.org,459-727-5488,2021,Batch D,Vanessahaven,2025
81,Kathy Reeves,22,Male,melissalarsen@example.net,+1-414-469-8223x86098,2021,Batch D,Danielburgh,2026
82,Dr. Kristi Perez,25,Male,nancy25@example.net,(702)451-8945,2023,Batch A,Rossborough,2023
83,Lisa Griffin,22,Female,bailey02@example.com,001-441-553-3791x5317,2021,Batch A,South Jamesmouth,2023
84,Lisa Wilson,25,Male,fishercody@example.net,287.528.0320,2021,Batch D,Port Davidland,2026
85,Michael Russo,21,Female,craigkelley@example.net,001-391-586-1761x20666,2023,Batch A,Lake Emily,2025
86,Beth Nichols,22,Female,sullivanjudy@example.net,001-206-991-9275,2020,Batch B,West Charlottestad,2023
87,Erica Franklin,24,Female,blake99@example.org,001-333-855-3695x51100,2020,Batch C,Lake Natalie,2026
88,Stephen Dean,20,Male,rhondawells@example.com,(792)897-5447x914,2022,Batch B,Dodsonberg,2023
89,Ryan Welch,21,Male,qjackson@example.net,+1-919-692-4706x971,2019,Batch A,New Rachel,2023
90,Brady Jackson,22,Female,joseph69@example.org,366-863-4892,2019,Batch B,Estradaport,2024
91,Alvin Russo,19,Female,allenlaura@example.org,375-424-5241x851,2021,Batch D,Michaelburgh,2024
92,Michael Hall,19,Male,daychristopher@example.net,997.765.4488x186,2023,Batch A,South Rickychester,2023
93,Christopher Williams,18,Male,robert77@example.net,(611)952-1213,2020,Batch B,Francisburgh,2025
94,Matthew Willis,20,Female,morriscorey@example.com,3414097894,2019,Batch C,Port Michaelton,2026
95,Jeffrey Howard,18,Female,hubbardpaul@example.com,386.256.8102,2022,Batch C,Noblemouth,2025
96,Emily Phillips,24,Male,gabrielle06@example.org,+1-558-449-9883,2022,Batch D,North Josephhaven,2024
97,Joan Miller,23,Female,powellwayne@example.org,222-617-2285,2019,Batch C,Holmesfort,2025
98,Tamara Morales,24,Male,kiddchloe@example.com,+1-599-583-9557x40671,2020,Batch A,Mollybury,2025
99,Melinda Roberts,24,Female,pattersonsarah@example.net,001-603-871-3012x5370,2022,Batch B,Hendrixview,2023
100,Jonathan Velasquez,22,Female,loretta50@example.com,282.470.9967,2020,Batch A,West Brookechester,2024
101,Vincent Jones,21,Male,joseph42@example.com,+1-263-547-3964x862,2021,Batch D,Jacquelineberg,2023
102,Andrew Lucero,22,Female,brittany97@example.org,(776)355-1111x74959,2020,Batch A,Port Ninaberg,2024
103,Crystal Lucas,25,Male,parkerjacqueline@example.org,(205)236-4286x220,2022,Batch B,Port Christopher,2023
104,Catherine Garcia,18,Female,yolanda49@example.net,4136453516,2021,Batch B,Port Sharon,2025
105,Margaret Patterson,23,Female,burnsalexander@example.com,(566)625-2169x846,2020,Batch C,South Janetfort,2024
106,Loretta Alvarez,23,Female,dorothy96@example.com,+1-764-921-3036x94247,2022,Batch B,Robertland,2023
107,Daniel Martinez,22,Male,craigmichael@example.org,9034915820,2022,Batch D,Kellyside,2023
108,Audrey Middleton,24,Female,ssmith@example.net,+1-879-903-6872,2019,Batch D,New Susan,2023
109,Deanna Lee,25,Female,bryanmiller@example.org,(799)402-3944,2023,Batch C,West Maryview,2026
110,Chad Owens,19,Male,aguilarteresa@example.com,752.449.7568,2022,Batch C,West Lauren,2026
111,Savannah Reed,21,Female,mbecker@example.org,+1-517-652-2553x270,2022,Batch C,Webbmouth,2026
112,Caitlin Campos,21,Male,ramosmichael@example.org,001-423-955-7449x35733,2020,Batch C,East Melissa,2026
113,Ronald Harris,25,Male,kimberlysawyer@example.com,(886)879-4489x593,2021,Batch D,Garciaville,2025
114,Eric Williams,25,Female,megan39@example.org,721-961-0904x29638,2021,Batch A,South Barbaraburgh,2024
115,Austin Sanchez,20,Male,reyeslauren@example.org,292.545.3210x56658,2020,Batch D,Port Shawnashire,2023
116,Laurie Snyder,18,Male,calebhensley@example.com,+1-824-730-6124,2019,Batch C,Lake Scottside,2023
117,Frank Dyer,24,Male,schneiderkrystal@example.com,545-230-9602,2020,Batch D,Huntview,2023
118,Patricia Baird,23,Female,ogarcia@example.com,001-820-215-3352,2019,Batch B,Cynthiastad,2025
119,Timothy Leonard,18,Female,gregory17@example.com,(219)511-8216,2020,Batch A,Brendahaven,2024
120,David Rice,23,Female,kellysosa@example.org,3077744617,2019,Batch A,Woodsmouth,2025
121,Carla Nichols,18,Male,gardnerkellie@example.net,+1-975-826-0968,2020,Batch A,East Casey,2026
122,Brittany Hunt,21,Female,gwatkins@example.com,666-325-5811x3269,2023,Batch B,Franklinview,2025
123,Michael Young,18,Female,tammyreyes@example.com,865.845.9726x138,2023,Batch B,Lake Michaelhaven,2024
124,Andrew Collier,24,Male,gregg77@example.org,(487)543-5406,2022,Batch B,Susanmouth,2026
125,Christopher Rodriguez,23,Female,claudia57@example.com,766.606.4244,2023,Batch A,Angieshire,2025
126,Scott Reed,25,Female,hollydodson@example.org,+1-271-843-9080x69903,2022,Batch C,Port Leslie,2024
127,Terry Lee,23,Male,morrisdiane@example.net,974.540.7707x460,2021,Batch C,Rachelfurt,2023
128,Emily Knight,22,Female,sarajohnson@example.com,711-315-9140x673,2020,Batch D,Lake Justinmouth,2023
129,Diane Allen,19,Female,ramirezian@example.net,661.354.5211,2023,Batch D,Anthonyland,2023
130,Rachael Vega,20,Female,qcox@example.net,969.537.5017,2020,Batch D,Porterport,2024
131,Tyler Schmidt,21,Female,milleramanda@example.com,(276)931-3459x33219,2021,Batch D,West Dawnfort,2025
132,Melissa Gonzales,20,Male,john94@example.com,963.212.7302x9691,2021,Batch C,East Christina,2025
133,Gina Nelson,23,Female,millerdavid@example.net,599-445-7460x49103,2022,Batch B,Lake Jill,2023
134,Joshua Manning,21,Male,aprilolsen@example.com,+1-619-414-1821x4983,2022,Batch A,Jaredmouth,2025
135,Heather Hamilton,20,Female,paul71@example.net,3736889971,2019,Batch A,Walterfurt,2024
136,Benjamin Lewis,20,Male,john46@example.com,+1-415-951-6852x5330,2021,Batch C,Hoffmanview,2026
137,Debra Santos,23,Male,jrussell@example.net,691-764-7307x855,2020,Batch C,Lake Kevinberg,2025
138,Angela Green,24,Male,velezjuan@example.net,+1-766-739-9714,2023,Batch C,Brookeland,2025
139,Michele Howe,24,Female,petersonwalter@example.net,001-462-832-4350x15549,2019,Batch D,Smithberg,2024
140,Jessica Barry,22,Female,jennifer67@example.net,756-930-8645x6964,2020,Batch A,Phillipland,2024
141,Donald Weaver,18,Female,anitacollins@example.com,001-298-927-2080x3512,2020,Batch A,Lake Stephenstad,2025
142,Jessica Carter,24,Male,eric93@example.com,(300)647-0383,2020,Batch D,North Henryfurt,2026
143,Andrea Williams,24,Female,gail07@example.com,(779)550-1111x654,2021,Batch D,East Rebeccamouth,2025
144,Michelle Clark,21,Female,ann21@example.org,(327)572-7329x7113,2019,Batch D,Smithberg,2024
145,Zachary Bailey,25,Female,amanda84@example.com,9677037540,2020,Batch D,Davenportville,2024
146,Cody Clay,22,Female,todd08@example.org,248.283.9770,2019,Batch D,Danielville,2023
147,Jacob Roberts,22,Female,tinasummers@example.net,001-390-707-0808x1423,2022,Batch B,South Sarahfurt,2023
148,Edward Johnson,20,Female,cmcdonald@example.com,745.228.7238x34846,2021,Batch C,Millerville,2024
149,Karen Black,25,Female,callahanjeremy@example.net,(216)416-0997,2022,Batch A,Smithview,2023
150,Glenda Hull,19,Male,michaelsmith@example.net,341-210-2920x1040,2019,Batch D,Port David,2024
151,Karen Miller,18,Female,lgomez@example.org,(436)571-3790x68532,2020,Batch B,Weaverberg,2023
152,Benjamin Fields,21,Female,gonzalesmatthew@example.com,523.532.1338x55347,2023,Batch C,East Jakeborough,2023
153,Adam Dillon,20,Female,michael02@example.net,744.640.0027x8616,2019,Batch A,South Jennifer,2026
154,Mrs. Christine Duncan,24,Female,jonesanthony@example.com,+1-272-317-6255x14803,2019,Batch D,Matthewstad,2026
155,David Parker,23,Male,benjaminpalmer@example.org,(258)432-6513,2022,Batch A,Jeffreybury,2025
156,Jonathan King,23,Male,vphillips@example.org,001-878-783-7018,2021,Batch B,Smithburgh,2023
157,Sheryl Garner,25,Male,cindywilson@example.net,5914306220,2022,Batch D,New Charlesside,2023
158,Luis Richard,19,Female,billyowen@example.com,+1-422-635-1210,2021,Batch B,Port Kenneth,2025
159,Gwendolyn Ortega,22,Female,stevenjackson@example.com,+1-936-651-3112x53850,2023,Batch C,Kimberlyborough,2026
160,Beth Pearson,23,Female,hensonjoseph@example.net,643-216-3784x1537,2021,Batch A,Mitchellmouth,2023
161,Jason Krueger,18,Female,trevorjohnson@example.org,6305169170,2020,Batch B,Colonburgh,2024
162,Gloria Mclaughlin,23,Male,kimheidi@example.org,818-204-3564,2023,Batch B,Blakeberg,2024
163,John Cannon,18,Female,pchapman@example.net,001-638-900-1362,2022,Batch B,Josephberg,2025
164,Paul Booth,24,Male,james76@example.org,(636)342-6314,2019,Batch B,New Robertmouth,2023
165,Luke Haynes,24,Male,rebecca14@example.com,713.781.9032x411,2022,Batch D,Lake Lisa,2026
166,Glen Torres,20,Female,wendysanchez@example.net,(727)211-2705x70505,2021,Batch C,North Cameron,2024
167,Tamara Owens,19,Male,ambergordon@example.org,(272)329-1284x30864,2021,Batch A,Jillianshire,2024
168,Edward Douglas,22,Female,anthony22@example.net,(569)435-7199,2021,Batch D,North Amyville,2023
169,William Stout,20,Male,sandy06@example.net,934-677-9913,2019,Batch D,Port Mia,2025
170,Melissa Johnson,24,Female,tracey03@example.net,(262)268-1130x44537,2021,Batch A,Brandonfort,2025
171,Stephen Watson,21,Female,silvathomas@example.org,6285568394,2019,Batch D,Ruizchester,2025
172,Jennifer Walker,23,Female,elizabeth98@example.net,251.613.5216,2021,Batch A,Justinstad,2025
173,Courtney Tyler,24,Male,aruiz@example.com,001-399-340-7452x476,2023,Batch A,East Cameron,2026
174,Linda Johnson,22,Female,gnguyen@example.org,953-430-0171x95096,2019,Batch D,New Nicole,2026
175,Evelyn Garcia,20,Male,jennifer81@example.com,+1-968-991-5267x79210,2019,Batch C,Jenkinsside,2026
176,Devin Munoz,19,Female,floreskaren@example.com,6958519072,2019,Batch D,Amyhaven,2024
177,Nicholas Spence,24,Male,denise02@example.com,885-662-3550x4416,2020,Batch D,Lake Andreashire,2023
178,Daniel Costa,18,Male,richard62@example.org,+1-630-473-5333x90305,2023,Batch A,Oliviastad,2023
179,David Cole,24,Male,irios@example.org,001-968-780-1854x4072,2022,Batch C,Rodneybury,2026
180,Casey Davis,20,Male,penningtoncarolyn@example.org,909.670.1680x0971,2019,Batch A,South Brooke,2024
181,Savannah Carpenter,20,Female,leblancchristie@example.com,966-391-6505x9391,2021,Batch C,Thomasview,2023
182,Sandra Torres,23,Female,fdunn@example.com,444-768-8017,2022,Batch B,Lawrenceton,2025
183,Tanya Jones,23,Female,crystaltorres@example.org,289.830.5818x1599,2023,Batch B,Dyerport,2024
184,Bradley Snow,21,Female,jameswelch@example.net,(983)254-0123x91491,2022,Batch D,Chelsealand,2025
185,Megan Brandt,20,Female,spencerbrenda@example.org,+1-283-399-8172x84830,2021,Batch B,Trevorview,2025
186,Jacob Davis DDS,20,Female,marcoblack@example.com,001-664-331-7395x829,2021,Batch C,Jonathanchester,2025
187,Jasmin Barrett MD,23,Female,huntmelissa@example.com,841-411-0440,2020,Batch C,Greenberg,2025
188,Gina Wallace,18,Female,riverajohn@example.org,2805468491,2021,Batch C,Lake Michele,2024
189,John Mccarthy,23,Female,todd31@example.org,001-598-454-8552x7699,2019,Batch A,Parkerton,2026
190,Sandra Harrington,21,Male,keithbell@example.com,(478)590-6882x96937,2022,Batch A,New Carrietown,2026
191,Cynthia Kelly,19,Female,harriscarrie@example.net,(591)736-1257x12708,2020,Batch C,South Lawrence,2023
192,Corey Huff,25,Female,dthomas@example.org,(860)264-4346,2020,Batch C,Danastad,2023
193,James Vargas,18,Male,shenderson@example.net,001-867-350-8893x505,2021,Batch D,Warnerton,2023
194,Jeffrey Bryant,18,Female,spencerjuan@example.net,2883406749,2019,Batch D,West Emilyfort,2023
195,Craig White,18,Male,lewiseddie@example.net,858.913.3575x53901,2022,Batch A,Smithside,2025
196,Brandy May,21,Female,smithjessica@example.com,5194059724,2021,Batch D,Reynoldsside,2026
197,Patricia Ingram,23,Male,lewisangela@example.org,+1-405-705-4997x90227,2020,Batch B,Vargastown,2026
198,Kathleen Clark,19,Female,nicole84@example.org,(496)719-0276x491,2019,Batch D,Port Kimberlyborough,2025
199,Deborah Shaffer,20,Male,gregorylawson@example.org,725.319.7276x633,2019,Batch B,Patrickland,2024
200,Christine Bridges,19,Female,stephaniecrawford@example.net,871.968.6436,2021,Batch A,Bennettview,2024
201,Michelle Harris,18,Female,amber88@example.net,+1-461-815-6969,2022,Batch B,Richardchester,2023
202,Alexandra Drake,20,Male,jane53@example.net,678-741-0355,2022,Batch B,New Lisa,2025
203,Benjamin Davis,19,Female,johnsonthomas@example.com,+1-577-336-9613x75988,2023,Batch A,West Hollyhaven,2024
204,Stephanie Wells,21,Male,mitchelldennis@example.com,2337605065,2019,Batch B,Bellport,2024
205,William Walker,18,Male,christinalam@example.com,778.570.2361x31277,2023,Batch B,Lucasborough,2024
206,Harold Chan,25,Male,krystal29@example.com,+1-857-931-3677,2023,Batch B,Port Amy,2026
207,Larry Kaufman,22,Male,npetersen@example.net,898-493-4541,2022,Batch B,Jacobsontown,2025
208,Jesse Brown,19,Female,harrellalejandro@example.com,352-979-5187x45271,2023,Batch C,South Stephen,2026
209,Michelle Turner,22,Female,sandra65@example.com,868-812-1749x2316,2022,Batch D,New Mary,2024
210,Jerry Peters,23,Male,ngarcia@example.net,+1-765-828-8052x060,2019,Batch C,Ashleyland,2026
211,Ronald Smith,25,Male,bwade@example.org,356-609-5524,2020,Batch D,Port Keith,2023
212,Jaclyn Johnson,18,Female,aarondouglas@example.net,+1-711-944-8402x818,2019,Batch A,Mcfarlandton,2024
213,Karen Martin,22,Female,uclark@example.net,+1-668-866-8450,2023,Batch B,Port Mary,2025
214,Diane Davis,23,Female,haleytara@example.org,(955)561-7721x526,2021,Batch B,Jasonside,2025
215,Roger Brown,24,Male,mendozabryce@example.com,001-408-390-7357x58058,2022,Batch B,Lake Maria,2025
216,Catherine Fisher,25,Female,uknight@example.net,+1-529-561-2922x03992,2022,Batch C,Littleton,2025
217,Jonathan Bruce,22,Female,thomastracy@example.net,387.814.1688x5555,2020,Batch B,Hernandezton,2023
218,Michele Lane,20,Female,ojohnson@example.net,001-763-581-0876x42881,2021,Batch B,Port Andrew,2024
219,Crystal Poole,21,Male,ssanchez@example.net,001-202-763-8340,2021,Batch D,New Danielleland,2024
220,Karen Camacho,19,Female,andrewrivas@example.net,(994)365-6521x5341,2022,Batch D,Normanfort,2025
221,Larry White,24,Male,chaneycarol@example.org,979.974.1508x46516,2022,Batch D,Adamfurt,2026
222,Ronald Johnson,24,Female,wrightsydney@example.com,001-743-924-6039,2022,Batch C,Moorefurt,2025
223,Ricky Villanueva,23,Male,justin48@example.org,801-269-8886,2023,Batch A,South Robyn,2026
224,Heidi Burns,20,Female,taylorpeterson@example.net,001-318-706-3767,2021,Batch B,North Brandiborough,2024
225,Lynn Williamson,24,Female,bradleydavid@example.com,+1-691-733-8345,2021,Batch C,Jonesmouth,2025
226,Sarah Ramirez,19,Female,mflores@example.net,383-661-8799,2022,Batch B,South Matthewmouth,2025
227,Michael Reese,18,Male,whitneyaustin@example.org,001-488-953-1108,2020,Batch D,Gibbsfort,2023
228,John Anderson,24,Female,joseph99@example.net,001-325-308-5259x8173,2019,Batch A,Muellerton,2025
229,Derek Mack,24,Male,qhunt@example.com,001-775-499-8155x8183,2020,Batch A,West Aaron,2026
230,Mr. Brian Pena MD,24,Male,pearsonmichelle@example.org,5872117838,2022,Batch D,Campbellberg,2024
231,Nicole Kirby,22,Female,kevinwilliams@example.net,+1-856-359-7991x728,2022,Batch B,Lake Charlesport,2025
232,Michelle Tyler,18,Male,debra85@example.org,+1-881-741-0918x666,2019,Batch B,Port Victor,2023
233,Billy Osborne,18,Male,kristen39@example.com,001-903-332-9763x5503,2022,Batch B,Port Eugene,2023
234,Robert Hughes,20,Female,susan45@example.net,907.274.8020x190,2020,Batch D,Loveville,2025
235,Lindsey Turner,20,Male,ejohnson@example.net,757.286.6751x506,2021,Batch B,Shirleyberg,2024
236,Amanda Ross,18,Female,johndavenport@example.org,(564)440-4010x6163,2021,Batch B,Carriechester,2026
237,Terry White,22,Male,jwhite@example.org,(613)377-0169x5499,2021,Batch B,Ronaldchester,2023
238,Johnny Burnett,22,Male,barbara88@example.net,+1-843-869-8973x083,2019,Batch B,Brownburgh,2024
239,Ashley Williamson,22,Male,zacharymoss@example.com,+1-464-885-0973x4268,2020,Batch A,West Katherineville,2025
240,Tiffany Patton,24,Female,barkerjay@example.org,(493)833-5950x0810,2023,Batch B,West Mark,2023
241,Misty Chan,18,Male,shawnhughes@example.com,+1-567-666-0201x1422,2021,Batch D,Longport,2025
242,Destiny Pierce,25,Male,joe60@example.com,803.681.2899x7331,2021,Batch B,West Sarah,2025
243,Nicholas Hall MD,21,Male,hgonzalez@example.com,+1-949-430-9637,2021,Batch B,Patrickton,2023
244,Joseph Oconnor,25,Female,vincent89@example.net,230-599-1136x514,2022,Batch B,Wilsonmouth,2024
245,Tina Estrada MD,25,Female,bfritz@example.net,+1-988-246-0029,2020,Batch B,Port Tami,2023
246,Philip Brown,18,Female,jnelson@example.net,001-380-202-3997x0806,2021,Batch D,Timothytown,2026
247,Mr. Joshua Lewis II,20,Female,sortiz@example.net,3768024231,2021,Batch D,East Alyssaport,2026
248,Bonnie Calderon,18,Male,parrishlaura@example.net,3462100786,2020,Batch B,Millerburgh,2025
249,Michael Collins,20,Male,zpotts@example.org,+1-462-436-0730x2921,2021,Batch D,Ashleytown,2024
250,Joseph Wright,22,Male,michaelmartinez@example.com,(770)827-6061,2019,Batch C,West Karenville,2024
251,Olivia Chandler,19,Male,hcole@example.org,001-312-680-3340x7195,2023,Batch D,Reyesport,2024
252,Kathryn Marshall,21,Female,hunter96@example.org,+1-215-522-1099x470,2019,Batch A,Craigmouth,2025
253,Ariel Hopkins,22,Male,harry94@example.org,(921)945-4280,2022,Batch A,Justinport,2026
254,David Diaz,25,Female,smithcrystal@example.net,933-556-5152x382,2023,Batch B,Joycemouth,2025
255,Christine Snyder,19,Male,deborah41@example.net,+1-850-863-5569x148,2019,Batch C,Kaylaborough,2025
256,Anthony Lara,21,Male,roylisa@example.com,(438)217-7995x702,2020,Batch A,Jayland,2023
257,Scott Whitney,21,Female,plewis@example.org,(723)479-3794,2019,Batch A,Brooksside,2024
258,Jamie Novak,24,Female,amyschneider@example.com,439-528-0113x26370,2019,Batch C,Kristyville,2023
259,Michael Underwood,19,Male,robert03@example.net,(334)417-5759x554,2022,Batch D,Hunterside,2026
260,Jessica Kennedy,24,Male,upowers@example.net,7075020536,2021,Batch B,South Marcusfort,2023
261,John Franklin,24,Male,rodriguezmaurice@example.org,(579)429-6959x948,2022,Batch C,South Patriciastad,2025
262,Ariel Robinson,23,Male,bairdthomas@example.org,001-810-667-2865x820,2022,Batch A,North Shannonberg,2023
263,Samuel Schmidt,22,Male,william28@example.net,662-994-7930x66094,2019,Batch B,Edwardbury,2025
264,Christopher Riggs,18,Male,tjones@example.net,001-829-257-4170x08971,2020,Batch B,West Kylechester,2023
265,Nathaniel Taylor,22,Female,linda47@example.com,(300)547-1561,2020,Batch A,Crystalland,2026
266,Briana Parker,24,Female,pateltara@example.org,+1-355-870-7623,2023,Batch A,Perkinsbury,2026
267,Victor Thomas,22,Male,michaelbaird@example.com,2429015436,2020,Batch A,West Christy,2024
268,Barry Cook,20,Female,tylerharvey@example.com,(457)214-7950x705,2019,Batch D,Smithport,2024
269,Jennifer Rodriguez,22,Female,martin37@example.com,576.591.5447x95593,2021,Batch C,Paulhaven,2023
270,Jodi Cummings,25,Female,richardsonjuan@example.com,+1-556-347-3267x148,2023,Batch C,Olsenland,2026
271,Henry Smith,21,Male,michael79@example.net,873.424.4241x8485,2021,Batch C,Margaretborough,2026
272,Carolyn Hernandez,24,Male,catherinehenderson@example.net,+1-865-763-3043x270,2022,Batch B,West Kimberly,2026
273,Antonio Williams,19,Female,gregorydavid@example.com,369.562.0941x17393,2022,Batch D,West Paulport,2025
274,Jenna Gray,20,Female,chavezshane@example.com,001-610-962-8895x149,2023,Batch D,Lake Diamondbury,2026
275,Tamara Allen,25,Male,walterrobin@example.com,+1-673-272-0843x3128,2022,Batch A,East Jacobburgh,2026
276,Mr. William Jones Jr.,18,Female,rogerssamuel@example.com,525.400.7418x312,2021,Batch B,Port Michele,2024
277,Stephanie Hughes,22,Female,fmcmillan@example.com,(218)910-4123x23242,2019,Batch C,West Donna,2023
278,Dominique Monroe,19,Male,juliacampbell@example.com,931.822.3454x3324,2023,Batch D,Lisaport,2023
279,Marcus Hancock,20,Female,nancy29@example.net,490.730.6099,2019,Batch C,Andrewchester,2023
280,Cameron Cooper,24,Male,campbelljessica@example.net,275-905-9560x8530,2021,Batch A,Jeremyfurt,2023
281,Michael Osborn,18,Female,jared51@example.org,(200)456-2463x4888,2021,Batch A,South Martintown,2024
282,Mr. Dennis Weaver,21,Female,athomas@example.com,6076457285,2019,Batch A,South Ricky,2026
283,Laura Holmes,20,Male,johnsonsandra@example.net,348.330.7493,2019,Batch C,South Amymouth,2024
284,Christian Nelson,24,Male,kelly96@example.org,001-512-218-2223x01770,2020,Batch A,Gillchester,2023
285,Mrs. Jamie Alvarez PhD,21,Male,mendezwilliam@example.com,(614)417-4871,2023,Batch B,Reginaland,2023
286,David Taylor,25,Female,courtneynovak@example.org,001-424-710-0153,2022,Batch C,West Elizabeth,2026
287,Chad Jones MD,21,Female,davidmoore@example.com,+1-910-965-3844x74281,2019,Batch A,Caitlinhaven,2025
288,Amy Lawrence,21,Male,davidponce@example.net,3736238820,2022,Batch B,Lisachester,2024
289,Douglas Parker,19,Male,ureid@example.org,290-662-3696x05801,2019,Batch D,Port Tammy,2023
290,Penny Clark,20,Female,amyhoward@example.org,(726)486-0651x952,2019,Batch D,North Jesusland,2026
291,Jade Swanson,18,Male,lopezmichael@example.org,001-957-470-7643,2019,Batch B,South Janetland,2023
292,Jennifer Mckenzie,18,Male,lisa05@example.org,439.839.4132,2021,Batch D,Whitneyton,2023
293,Cassidy Wright,23,Male,josephzhang@example.com,001-942-628-6764x5619,2022,Batch C,Port Holly,2026
294,Brandy Thomas,23,Female,aliciaanderson@example.org,+1-624-633-0733,2019,Batch B,New Crystalstad,2025
295,Susan Campos,22,Female,dalton07@example.org,880.464.6551,2021,Batch D,Collinshaven,2023
296,Mary Miranda,24,Male,turnernorma@example.net,(466)730-5757x54801,2022,Batch A,Cherylbury,2025
297,Amanda Gonzalez,24,Male,katherineruiz@example.net,354-425-9539x847,2020,Batch D,North Tracyfurt,2026
298,Nicole Castillo,25,Female,qadams@example.com,+1-201-663-3302x94538,2022,Batch C,Craigmouth,2026
299,Daniel Riggs,18,Male,rayrobert@example.net,+1-202-797-6494x7492,2023,Batch D,East Maryside,2025
300,Joshua Sanchez,22,Female,michaelcameron@example.com,379.469.4236,2020,Batch D,Port David,2023
301,Tracy Wilkerson,25,Male,allenhuff@example.org,711-669-8875,2019,Batch B,North Jamesmouth,2024
302,Emily Washington,24,Female,bennettmark@example.net,+1-781-325-3886x48366,2019,Batch D,Madisonhaven,2023
303,Jennifer Arroyo,19,Male,eric85@example.com,693-990-4899x2128,2022,Batch A,Lake Maria,2025
304,Nicholas Anderson,22,Male,emathis@example.com,+1-613-994-8378x9864,2023,Batch C,South Michaelshire,2025
305,Danielle Moreno,21,Female,averyjerome@example.org,627.526.5447x0102,2022,Batch C,East Coryport,2025
306,Heather Garner,23,Female,jpratt@example.org,(995)817-5951x5514,2020,Batch C,Lisaview,2024
307,Ronald Cook,23,Female,jonescynthia@example.org,001-539-359-6208x698,2019,Batch C,Nathanstad,2025
308,Martha Taylor,24,Male,jordan19@example.org,3687077021,2020,Batch C,New Walter,2024
309,Rodney Allen,22,Male,howardchelsea@example.org,872.603.1437x8424,2019,Batch B,West Robin,2026
310,William Mullins,22,Male,isullivan@example.net,(620)597-5878x25673,2023,Batch C,New Reneebury,2026
311,Elizabeth Griffin,22,Female,odavidson@example.org,(585)526-6167,2019,Batch A,East Julie,2023
312,Matthew Miller,22,Male,uwise@example.net,(447)236-6361x142,2020,Batch D,Acostafort,2023
313,Kevin Meyer,25,Male,lisa18@example.net,001-398-748-7154x796,2023,Batch C,New Emilyside,2023
314,Sandra Smith,24,Male,ajimenez@example.com,+1-598-451-7212x013,2021,Batch C,Julieside,2023
315,Casey Holt,24,Male,madeline74@example.org,780-938-8396,2020,Batch B,Hortonport,2025
316,Richard Ali,19,Male,christopher19@example.org,819.552.7922x24791,2020,Batch D,Amberside,2023
317,Virginia Gonzalez MD,20,Male,xcurtis@example.org,(372)365-6613x458,2019,Batch A,New Dawnburgh,2023
318,David Marshall,24,Female,cody62@example.net,+1-756-533-2027x831,2022,Batch A,Randolphfurt,2024
319,Tyler Holland,21,Male,kimberlymartin@example.org,6599296022,2019,Batch B,South Jennifer,2023
320,Dylan Chang,20,Female,justincarpenter@example.net,454.255.9017x01259,2023,Batch C,New Michelle,2023
321,Daniel Ramos,22,Female,longrachel@example.net,001-653-255-7895x94825,2023,Batch D,Rubioshire,2025
322,Jaime Montoya,21,Female,tomfuller@example.net,+1-650-890-7234x65352,2022,Batch A,Williamsfort,2025
323,Heather Ortega,22,Male,laura83@example.org,001-633-847-8430x6776,2022,Batch D,West Cindy,2025
324,Amy Williams,20,Female,martinezkrystal@example.org,001-863-701-9641x7062,2023,Batch A,Port Amber,2026
325,Meagan Fernandez,18,Male,michaelpayne@example.org,(353)419-8264x932,2022,Batch C,Anaton,2024
326,Michael White,25,Female,harmonmelissa@example.com,752.659.2227,2021,Batch D,West Deanberg,2023
327,Cody Fields,21,Male,pmullins@example.net,001-638-599-4496,2022,Batch B,Port Rachel,2023
328,Patrick Cole,24,Male,nicholashopkins@example.org,7907700331,2020,Batch A,Port Meredith,2025
329,David Williams,22,Male,kyle34@example.com,275.473.9667x983,2023,Batch C,Lake Robin,2024
330,Mr. Michael Nelson,18,Male,neil73@example.com,5993481389,2019,Batch C,Port Ashleyfurt,2023
331,Kara Hamilton,20,Male,oharvey@example.net,+1-385-653-4700x668,2023,Batch D,Emmaport,2023
332,Eric Pena,19,Male,kristinaayala@example.net,001-421-408-5268x7100,2023,Batch C,North Meghan,2026
333,Julia Blair,25,Male,toddmcguire@example.org,001-446-813-1661x3776,2019,Batch B,Lewisport,2025
334,Susan Lewis,25,Male,ronaldnelson@example.com,4604080213,2023,Batch B,South Franciscoport,2026
335,Judith Becker,25,Female,tallen@example.net,674-819-0493,2021,Batch D,Andrewbury,2026
336,Valerie Kidd,18,Female,jhobbs@example.org,(390)695-7619,2020,Batch C,Hopkinsside,2026
337,Julia Moore,19,Male,williamcoleman@example.com,+1-279-814-0894x78044,2020,Batch B,Amandahaven,2025
338,Robert Roberts,20,Male,obrienspencer@example.com,+1-851-353-9211x3381,2022,Batch B,Robertstad,2026
339,Heather Dillon,21,Female,deannathompson@example.com,(622)966-6137,2021,Batch A,New Reginachester,2024
340,Michelle Thomas,21,Female,mmarshall@example.org,404-467-4785x143,2020,Batch A,Leton,2026
341,Adriana Oneill,18,Male,juansmith@example.net,880.720.6416x680,2021,Batch D,Bridgesmouth,2026
342,Kyle Johnson,23,Female,robertjohns@example.org,001-202-676-9077x7918,2022,Batch D,Collierview,2025
343,Jessica Myers,20,Female,christopherowens@example.com,510.731.7229x002,2022,Batch D,Lindamouth,2023
344,Robert Wong,23,Female,lucasgomez@example.com,(900)375-3069x249,2019,Batch A,East Jessicafort,2025
345,Courtney Turner,20,Male,michelle34@example.net,805-479-1765x91686,2019,Batch D,South Michaelfort,2024
346,Morgan Vang,19,Male,johnathanmoreno@example.org,(812)891-1052,2023,Batch D,South Tonya,2025
347,Alan Jefferson,19,Female,sawyercaleb@example.org,520.709.1858,2021,Batch D,New Kevin,2026
348,Kathy Holmes,22,Male,matthewschwartz@example.net,559.300.7455x385,2023,Batch B,Lauriefurt,2023
349,Charles Jackson,23,Female,bcole@example.org,001-725-348-5324,2020,Batch D,Brianside,2024
350,Jennifer Esparza,20,Female,amandamoran@example.net,(832)566-3473x0981,2022,Batch A,East Jessica,2025
351,Kenneth Mckinney,22,Male,ashleyblair@example.org,+1-527-674-7247x02338,2023,Batch A,Port Heather,2024
352,Mario Eaton,22,Male,lindsaymcgee@example.net,+1-437-912-6493x020,2023,Batch C,Leestad,2026
353,Logan Rice,21,Female,kayla58@example.net,(284)391-8160x630,2020,Batch B,East Todd,2026
354,John Hensley,25,Female,rogersmatthew@example.com,+1-403-934-8483x301,2019,Batch D,Lisaville,2024
355,Julie Wilkins,25,Male,tracypeterson@example.net,+1-639-273-1885x6664,2023,Batch C,Arnoldmouth,2024
356,Lisa Johnson,20,Male,cthompson@example.net,294-892-6623,2019,Batch C,Lake Dennis,2026
357,Rebecca Fleming,22,Male,jonesjames@example.net,+1-899-205-4751x6212,2021,Batch D,Smithchester,2025
358,Barbara Alvarado,19,Female,dustin93@example.net,+1-668-981-9590x0190,2021,Batch D,North Johntown,2025
359,Dwayne Mcdonald,22,Female,franciscervantes@example.org,001-419-558-2496x7605,2021,Batch D,Lake Jessica,2023
360,Cynthia Mccall,21,Male,ppowers@example.com,+1-383-268-2590x83833,2020,Batch B,Port Carlos,2026
361,Sheila Fischer,21,Female,traciprice@example.net,523-811-0994,2020,Batch D,West Zachary,2026
362,Christine Scott,23,Male,gwashington@example.com,970-415-4931,2023,Batch C,North Jameshaven,2024
363,Patrick Hernandez,20,Female,martinezkaren@example.net,385.922.3667,2022,Batch A,Andersonmouth,2025
364,Cindy Herring,25,Male,reedkathryn@example.net,621.905.8077x2238,2020,Batch D,Freemanshire,2025
365,Stacey Lucero,25,Female,stevencarter@example.org,001-557-253-0693,2022,Batch A,Richland,2024
366,Mr. Justin Combs,21,Female,nicholashoward@example.org,001-374-403-9482,2021,Batch D,Russoburgh,2026
367,Christina Shannon,19,Male,millerapril@example.org,6495387897,2020,Batch B,South Jesseside,2025
368,Brent Kelly,23,Female,hensleychase@example.net,243-933-1926x55614,2022,Batch B,Danielleside,2026
369,Seth Cooper,18,Male,evanschristopher@example.org,+1-853-319-3556x99994,2021,Batch B,Downsmouth,2024
370,Monique Brown,21,Female,howard01@example.org,797-588-4756x7055,2021,Batch D,Lake Mia,2024
371,Jonathan Trujillo,23,Female,gatestara@example.net,8614162612,2019,Batch D,Martinezberg,2026
372,April Edwards,25,Male,brittany18@example.com,001-685-593-8847x93701,2020,Batch D,Zacharyside,2024
373,Courtney Adams,20,Male,yoderanthony@example.org,+1-309-596-1548,2022,Batch A,Lake Carolynville,2025
374,Robert Richards,22,Female,jonesjennifer@example.net,430.824.8703x82182,2022,Batch C,Leontown,2026
375,Terri Cook,23,Female,williamsrobert@example.org,3437611620,2020,Batch B,Ingramville,2025
376,Victoria Smith,24,Male,mcconnellrichard@example.com,685.331.5509x48766,2019,Batch A,Johnsonshire,2024
377,Catherine Ward,24,Female,andrew46@example.org,001-990-594-3781x469,2019,Batch D,Adamton,2024
378,Lisa Davis,20,Female,wrose@example.net,2535627872,2020,Batch D,East Michelle,2023
379,Kayla Kennedy,22,Male,jonesfred@example.org,001-202-728-9535x39349,2020,Batch D,New Micheal,2026
380,Crystal Stevens,24,Female,ymorris@example.com,+1-696-991-0447x7291,2019,Batch B,Lake Eduardo,2025
381,Michael Fernandez,21,Female,pmorgan@example.net,+1-317-246-8042x66713,2022,Batch A,Lake Nicole,2026
382,Alexander Long,23,Female,santiagosydney@example.com,(910)236-1044,2022,Batch C,Port Tammy,2024
383,Barbara Neal,23,Male,michael36@example.org,(283)840-2386,2019,Batch A,West Tylerville,2023
384,Shawn Ruiz,22,Female,tyler84@example.com,(522)613-0389x963,2022,Batch D,South Aprilmouth,2026
385,Christopher Mosley,20,Female,darren63@example.net,+1-241-203-0389x92844,2023,Batch D,Markfort,2025
386,Jennifer Pena,22,Male,mbenton@example.com,258-660-7926,2019,Batch B,Ericashire,2026
387,Samuel Ortiz,25,Male,denisecohen@example.net,+1-350-840-6364x68171,2019,Batch B,West Kelly,2026
388,Tammy Anderson,23,Male,yvonnewolf@example.org,4137684152,2019,Batch D,Katieside,2026
389,Maria Malone,24,Male,kennedysarah@example.com,001-881-623-0164x690,2021,Batch C,East James,2026
390,Jonathan Russell,22,Female,ikirk@example.org,+1-995-652-8109,2021,Batch B,Kimberlyland,2023
391,Daniel Morgan,25,Male,pdavis@example.net,216-785-5653x139,2021,Batch D,Smithstad,2026
392,Stacy Burns,18,Female,victor11@example.net,840-709-8202,2019,Batch B,Gregoryborough,2025
393,Edward Smith,19,Male,william47@example.com,(796)595-4025x9331,2022,Batch D,Port Maryfort,2025
394,John Watkins,23,Female,mary90@example.org,480.984.1598,2019,Batch A,Riggsport,2023
395,Robert Stafford DVM,19,Male,agonzalez@example.com,639.571.5857x3456,2020,Batch C,Taylorshire,2025
396,Jeffrey Fitzpatrick,24,Female,laura96@example.com,443.258.0169x332,2023,Batch D,New Morganside,2025
397,Denise Conley,25,Male,smithdana@example.com,(496)247-6417x112,2019,Batch D,Rileyview,2026
398,Steven Harris,24,Female,kellydenise@example.org,001-801-413-8530,2021,Batch A,Crosbychester,2024
399,Shannon Rogers,21,Female,bryantshawn@example.com,867.888.9207,2021,Batch D,East Carolville,2023
400,Nancy Jones,25,Male,brandyduke@example.com,(424)393-9682,2022,Batch A,Carlymouth,2024
401,Eric Bennett,25,Female,coreynguyen@example.org,001-481-513-5774,2020,Batch D,Medinaside,2026
402,Tammy Tate,25,Female,ericstewart@example.com,(568)957-0573x06377,2019,Batch B,Port Ashley,2023
403,Kendra Harris,23,Male,kevinchavez@example.net,001-901-925-2015x36097,2021,Batch D,Robersonborough,2025
404,Stephanie Kirby,20,Female,monica75@example.net,(469)593-0541x35642,2022,Batch A,Port Codyhaven,2024
405,Christopher Love,21,Female,angelacollins@example.org,202-962-0176,2022,Batch A,Levyburgh,2025
406,James Serrano,18,Female,matthewrivers@example.org,001-902-245-2121x603,2023,Batch C,Jonathanshire,2025
407,Carolyn Evans,23,Male,mboyer@example.net,446-360-7562,2020,Batch D,Hobbsburgh,2023
408,Jennifer Parker,20,Female,amber39@example.com,(997)915-3869x676,2023,Batch D,Velasquezland,2023
409,Matthew Baker,24,Male,qatkinson@example.net,375.863.2277x848,2021,Batch B,West Kathrynborough,2023
410,Jamie Martin,25,Female,ramirezandrea@example.org,+1-625-944-5424x317,2020,Batch C,Port Vanessa,2026
411,Charles Morse,25,Female,maria45@example.org,001-623-706-2154,2023,Batch A,North Evanhaven,2026
412,Veronica Garcia,24,Female,josedunn@example.com,(737)317-8190,2020,Batch A,West Richardmouth,2024
413,Erica Curtis,22,Male,aaron82@example.org,222.884.2905x99860,2022,Batch C,Port Robertaport,2024
414,Jessica Riggs,19,Male,blairmarc@example.com,001-334-296-2675x70402,2019,Batch C,Riverabury,2025
415,Gregory Moore,22,Male,guzmanmichael@example.net,001-233-451-3093x8407,2023,Batch D,Thompsonland,2023
416,Michele Mcbride,22,Female,walkersherri@example.org,8676024307,2019,Batch C,Lake Billy,2026
417,Jimmy Harris,19,Female,meyerjames@example.com,489-262-6228,2021,Batch D,Michaeltown,2025
418,Larry Flores,22,Male,lsmith@example.net,001-848-489-7081x9432,2023,Batch A,New Brian,2024
419,Jennifer Myers,23,Female,woodtina@example.com,+1-562-422-7437,2023,Batch C,Fisherfurt,2023
420,George Moreno DDS,24,Female,katielittle@example.net,720-952-2698x8041,2021,Batch B,South Ellenview,2025
421,Judy Garcia,25,Female,yevans@example.com,001-934-352-3670x2623,2023,Batch D,Mccarthychester,2023
422,Miranda Fernandez,23,Female,zjohnson@example.net,821-683-4444,2023,Batch D,Stevensland,2023
423,Janet Miller,24,Male,kimberlygray@example.com,+1-579-975-2663x3243,2021,Batch C,Zacharymouth,2026
424,Colleen Buckley,22,Female,katherine26@example.net,242-968-6206x490,2019,Batch B,Thomasview,2024
425,Gary Garner,20,Male,kellymcguire@example.net,9665246787,2019,Batch D,West John,2026
426,Kelly Cox,24,Female,beverlyperez@example.net,2989697702,2020,Batch D,Lisamouth,2025
427,Dustin Thomas,24,Male,zlove@example.net,+1-635-977-1203,2019,Batch D,Claudiaville,2023
428,Mark Patel,18,Female,lawsondavid@example.com,(557)856-1565,2019,Batch C,Snyderton,2026
429,Andrea Campbell,22,Female,ericgolden@example.com,(948)935-4954x2269,2019,Batch C,Michellehaven,2023
430,Gabrielle Stephens,22,Male,hickmanpaula@example.com,337.274.9910,2021,Batch D,Port Suzannefort,2026
431,Kenneth Benson,22,Male,zdavenport@example.org,001-418-882-3620x924,2020,Batch D,New Kelly,2024
432,Richard Mclaughlin,24,Male,travis04@example.net,+1-927-264-3353x90351,2020,Batch A,West Matthew,2023
433,Brandon Howell,23,Male,zkline@example.net,645.201.6566x60101,2020,Batch D,South Kimberly,2024
434,Jillian Bullock,22,Female,meredith62@example.net,786.393.4249x5636,2020,Batch B,South Lisaton,2026
435,Margaret Collier,21,Male,coxkimberly@example.net,6275927205,2019,Batch A,Turnerburgh,2024
436,Stephen Barton,20,Male,pollardcrystal@example.net,(251)737-5114,2020,Batch A,Lake Johnberg,2026
437,Lisa Johnson PhD,20,Female,avilavirginia@example.net,+1-623-221-3347,2021,Batch D,Janetmouth,2025
438,Brian Dickerson,20,Female,courtneylewis@example.org,+1-884-882-0146x25151,2019,Batch C,East Mercedes,2023
439,Matthew Guerra,18,Female,nicolesanders@example.org,001-573-771-5474,2020,Batch B,Lake Scott,2024
440,Sydney Robinson,18,Female,hernandezdaniel@example.com,+1-903-533-7891,2022,Batch A,Lake Marie,2025
441,James Burke,23,Female,jacobsronald@example.com,(649)416-6373x43386,2020,Batch D,North Tyroneburgh,2025
442,Jason Vargas,18,Female,rebeccacombs@example.net,769.878.5835,2019,Batch A,Rodriguezton,2026
443,Shelby Evans,19,Female,robert16@example.org,+1-654-860-5109x5517,2021,Batch D,New Mason,2025
444,Jacqueline Johns,24,Female,bryantrebecca@example.org,848-607-3960,2020,Batch A,Michaelmouth,2024
445,Dawn Middleton,21,Male,charlessuarez@example.org,(625)327-7640,2020,Batch D,Martinezberg,2025
446,Aaron Doyle,19,Male,popegina@example.com,+1-973-897-6212x8614,2019,Batch B,Port Valeriemouth,2023
447,Donald Vasquez,18,Female,melindapatrick@example.org,001-204-429-1224x70472,2019,Batch A,Craigstad,2025
448,Jacob Daniels,24,Female,catherine46@example.org,(406)960-2620x94284,2020,Batch A,Brownview,2023
449,Javier Price,24,Male,christyhenderson@example.com,226-555-2977,2023,Batch B,Lake Maryfort,2025
450,Wendy Brown,20,Male,robert84@example.org,960.216.9823x48012,2021,Batch C,East Elizabeth,2023
451,Jennifer Chavez,22,Female,eric90@example.net,558-300-8716,2022,Batch A,East Jeffreyfort,2026
452,Christopher Wiggins,23,Female,parkerbrooke@example.com,749-670-3136x7482,2023,Batch D,Thomastown,2024
453,Christina Brooks,20,Male,ewilliams@example.net,+1-351-659-9918x4586,2019,Batch A,New Kristen,2025
454,Laurie Hamilton,25,Female,hgamble@example.net,001-303-679-9264x41785,2021,Batch D,Lake Ryan,2023
455,Kimberly Cooley,24,Male,marcus39@example.net,6799224776,2023,Batch D,Port Williamshire,2024
456,Mrs. Madison Pearson,19,Female,alejandra79@example.net,789.974.4748,2022,Batch A,Wrightfort,2024
457,Jeffrey Le,23,Male,uwalters@example.com,414-771-1951x7319,2023,Batch D,Port Patrick,2024
458,Alexis Mooney,24,Female,edwardsshawn@example.net,001-232-353-7883x5037,2022,Batch D,West Dennisberg,2025
459,Ricardo Mccarthy,21,Female,browningcalvin@example.com,001-565-714-4780x277,2021,Batch B,Frankburgh,2024
460,Derrick Howe,24,Male,ann68@example.org,+1-718-657-9093x181,2020,Batch C,Meganville,2024
461,Stephanie Salinas,20,Female,armstrongmichelle@example.org,+1-593-749-6264x7902,2019,Batch D,East Robert,2024
462,Ashley Howard,20,Male,ncopeland@example.org,466-956-6579,2022,Batch A,Normanbury,2023
463,Jonathan Padilla,22,Male,alidavid@example.net,383.404.3356,2020,Batch A,West Saraberg,2025
464,Annette Arnold,21,Female,jessica50@example.net,532.968.5104,2021,Batch A,North Jesseside,2023
465,Robert Sandoval,19,Female,joel24@example.com,001-216-876-7143x70171,2021,Batch A,North Scott,2025
466,James Green,18,Male,ybrady@example.com,001-933-462-4213x2881,2022,Batch A,Gonzalesmouth,2024
467,Nicholas Crawford,22,Male,curryjeffrey@example.org,476.330.1301x9479,2023,Batch D,Jennychester,2024
468,Judith Ashley,18,Female,xhorne@example.com,(474)659-5757,2021,Batch B,New Anthonymouth,2025
469,Martha Webb,24,Female,alexandraenglish@example.com,+1-738-765-4890,2020,Batch D,Michealburgh,2025
470,Christopher Patterson,18,Female,richardwilson@example.com,001-992-955-6717x0035,2019,Batch D,South Edward,2024
471,Casey Phillips,25,Male,webbcarolyn@example.net,708-292-6711,2023,Batch B,Deborahbury,2025
472,Kirk Rivera,20,Female,fredericksmith@example.com,7002280171,2022,Batch D,Martinezstad,2024
473,Christopher Marquez,24,Male,mreynolds@example.com,507-645-5710x731,2022,Batch A,Karaview,2023
474,Ronald Jenkins,22,Male,margaretray@example.com,321.598.8761,2021,Batch A,Lake Desireeton,2026
475,Brian Brown,23,Female,jeffreywilcox@example.org,532-553-6024,2019,Batch C,Lake Luketown,2026
476,Derrick Gonzalez,22,Female,weaverjames@example.net,654.429.9023x270,2020,Batch C,South Evantown,2026
477,Rickey Evans,25,Female,jamesfitzgerald@example.net,(729)337-5267x367,2022,Batch A,Escobarchester,2024
478,Joshua Tran,22,Male,tinaking@example.com,9913861302,2022,Batch C,North Andrea,2024
479,Tyler Jackson,23,Female,michelle64@example.com,686-797-1780x0642,2019,Batch D,East Jodiview,2024
480,Arthur Thomas,18,Female,crogers@example.org,001-972-922-3117x3176,2021,Batch A,West Alexis,2026
481,Gloria Robinson,22,Female,andreawarner@example.org,404-635-7625x6361,2021,Batch B,Jessicaton,2023
482,Debbie Branch,21,Male,ebrown@example.com,001-692-598-6092x080,2020,Batch B,Hallside,2023
483,Tony Cochran,21,Male,cookmark@example.net,495-662-4173,2023,Batch A,West Carrieton,2024
484,Cindy Porter,22,Male,jacksonmichael@example.org,001-626-931-4410x335,2019,Batch C,South Adamport,2026
485,Daniel Pittman,18,Male,brooke34@example.org,897.499.2899x8591,2021,Batch C,Watsonstad,2024
486,John Jones,18,Male,william38@example.org,+1-789-264-4964x102,2021,Batch C,Yeseniaview,2024
487,Austin Murphy,24,Female,kevincooper@example.com,(780)214-0040x12532,2020,Batch C,Dylanborough,2025
488,Julia Johnson,23,Female,fwilliams@example.org,7569234264,2019,Batch B,Whitemouth,2024
489,Rebekah Paul,24,Female,waynerobinson@example.com,595.310.7222x726,2019,Batch D,New Ashleyberg,2024
490,Patrick Padilla,21,Male,joanna88@example.net,001-776-665-6388,2019,Batch D,North Nicholasshire,2024
491,Harold Church,25,Female,william30@example.org,+1-285-500-3719x03098,2023,Batch D,Rogershire,2024
492,Austin Clark,22,Female,kevin74@example.net,001-256-570-3035x96505,2022,Batch A,North Davidstad,2026
493,Anthony Wilson,21,Female,christophergreen@example.org,8835457107,2021,Batch B,Jamesville,2024
494,Victor Estes,22,Female,herrerarobert@example.net,(299)895-9395x2804,2019,Batch B,South Monicafort,2024
495,Michael Medina,20,Female,bradleypeck@example.net,695-445-4807x75106,2022,Batch A,Port Davidport,2026
496,Christopher Dickson,20,Male,joshuanunez@example.com,001-383-999-5643,2019,Batch C,Christophermouth,2023
497,Matthew Middleton,19,Female,operez@example.net,+1-898-948-7600x5332,2021,Batch C,Janehaven,2025
498,Amanda Potter,19,Female,danielhumphrey@example.net,+1-462-355-1463x427,2021,Batch C,East James,2023
499,Alexandra Murphy,23,Male,reginawagner@example.org,601.559.8297x752,2023,Batch D,Ashleyhaven,2023
500,Rebecca Mayer,23,Male,caseycox@example.org,(290)872-8699,2023,Batch B,Avilaton,2023
